feature,n_binder,n_fp,mean_binder,mean_fp,cohens_d,auc,p,q
mean_n_neg_charged,53,121,0.21270597138203276,0.1046528784139669,0.3805852028532393,0.7190862310930921,2.792711164970321e-06,1.6756266989821927e-05
mean_n_hydrophobic,53,121,4.511731889976329,4.937517642913494,-0.4143747095504204,0.3871822859815999,0.01807030029151543,0.03678357588915669
mean_frac_hydrophobic,53,121,0.5884142927535922,0.6247618869871837,-0.3496864172394232,0.3874941525027288,0.018391787944578346,0.03678357588915669
mean_n_total,53,121,7.591291869119635,7.885630129077071,-0.3032038589509039,0.41961640417901136,0.09217689683266744,0.13826534524900116
mean_n_polar,53,121,1.6598636316794095,1.638125401281541,0.023726713590677257,0.5379697489474505,0.42684708468651844,0.5122165016238222
mean_n_pos_charged,53,121,1.206990376081864,1.205334206468069,0.002834830487128105,0.49836270076407296,0.9739142157748508,0.9739142157748507
