feature,n_binder,n_fp,mean_binder,mean_fp,cohens_d,auc,p,q
mean_frac_hydrophobic,53,121,0.8517386551623484,0.8104900246018825,0.5918797455420634,0.6583502261032278,0.0009034039012424972,0.0054204234074549835
mean_n_total,53,121,13.288376084940268,14.036030282145138,-0.47555393627992315,0.35131763605176985,0.0018315873627547975,0.005494762088264393
mean_n_pos_charged,53,121,1.063357589236962,1.3055149642223611,-0.44487042479241823,0.36683299547793546,0.005256095416823997,0.008631094766226022
mean_n_polar,53,121,0.8134725625277819,1.1980163133367963,-0.45469919934513436,0.36823639482301573,0.005754063177484015,0.008631094766226022
mean_n_neg_charged,53,121,0.13264303215714499,0.18753263307388565,-0.16583156482422953,0.5773428972399813,0.10457656633146613,0.12549187959775937
mean_n_hydrophobic,53,121,11.278902901018379,11.344966371512095,-0.04536254214373322,0.4709184469047248,0.5430476329761953,0.5430476329761953
