region,n_residues_tested,n_residues_significant,top_residue,top_residue_p,top_residue_d
core,78,15,61,7.2899802560865105e-09,1.0017581502342972
tail,66,7,62,3.4228729977426277e-06,-0.733390660993331
