seq_id,mean_n_hydrophobic,std_n_hydrophobic,occ_n_hydrophobic_gt0,mean_n_polar,std_n_polar,occ_n_polar_gt0,mean_n_pos_charged,std_n_pos_charged,occ_n_pos_charged_gt0,mean_n_neg_charged,std_n_neg_charged,occ_n_neg_charged_gt0,mean_n_other,std_n_other,occ_n_other_gt0,mean_n_total,std_n_total,occ_n_total_gt0,mean_frac_hydrophobic,std_frac_hydrophobic
bind_041_binder,12.521969511698051,1.482179384588642,1.0,0.43523273824080866,0.5368382943175032,0.4140376620200538,0.648895410450803,0.8373365587748622,0.4469715496861498,0.00913018667970979,0.09511480626539405,0.00913018667970979,0.0,0.0,0.0,13.615227847069374,1.6158775315994274,1.0,0.921968361866238,0.06465472627048426
