seq_id,mean_n_hydrophobic,std_n_hydrophobic,occ_n_hydrophobic_gt0,mean_n_polar,std_n_polar,occ_n_polar_gt0,mean_n_pos_charged,std_n_pos_charged,occ_n_pos_charged_gt0,mean_n_neg_charged,std_n_neg_charged,occ_n_neg_charged_gt0,mean_n_other,std_n_other,occ_n_other_gt0,mean_n_total,std_n_total,occ_n_total_gt0,mean_frac_hydrophobic,std_frac_hydrophobic
bind_076_binder,11.17216923453167,1.425534830797435,1.0,2.7534849596478357,1.2497179438188772,1.0,0.7465558001141274,0.43498303119786463,0.7465558001141274,0.0005706366674818619,0.0238811859269088,0.0005706366674818619,0.0,0.0,0.0,14.672780630961116,1.6622475396016405,1.0,0.7626193108235373,0.06405059899810212
