seq_id,mean_n_hydrophobic,std_n_hydrophobic,occ_n_hydrophobic_gt0,mean_n_polar,std_n_polar,occ_n_polar_gt0,mean_n_pos_charged,std_n_pos_charged,occ_n_pos_charged_gt0,mean_n_neg_charged,std_n_neg_charged,occ_n_neg_charged_gt0,mean_n_other,std_n_other,occ_n_other_gt0,mean_n_total,std_n_total,occ_n_total_gt0,mean_frac_hydrophobic,std_frac_hydrophobic
bind_034_binder,13.303334148528572,1.3894492802776008,1.0,1.033586043857504,0.31744508590538484,0.9759517404418359,0.7254422434172985,0.452639107410964,0.7225890600798891,8.151952392598027e-05,0.00902844828822756,8.151952392598027e-05,0.0,0.0,0.0,15.062443955327302,1.3637448839276514,1.0,0.882630008086814,0.03501036775544465
