seq_id,mean_n_hydrophobic,std_n_hydrophobic,occ_n_hydrophobic_gt0,mean_n_polar,std_n_polar,occ_n_polar_gt0,mean_n_pos_charged,std_n_pos_charged,occ_n_pos_charged_gt0,mean_n_neg_charged,std_n_neg_charged,occ_n_neg_charged_gt0,mean_n_other,std_n_other,occ_n_other_gt0,mean_n_total,std_n_total,occ_n_total_gt0,mean_frac_hydrophobic,std_frac_hydrophobic
bind_019_binder,12.035950110051358,1.6445127266806134,1.0,0.5368875845765061,0.5423349522710186,0.5144697154968615,1.2797750061139643,0.6607596076262703,0.8984266731882286,0.47925328116083804,0.49956938823091307,0.47925328116083804,0.0,0.0,0.0,14.331865981902666,2.0426282384367695,1.0,0.8429162523795051,0.06505554548813308
