seq_id,mean_n_hydrophobic,std_n_hydrophobic,occ_n_hydrophobic_gt0,mean_n_polar,std_n_polar,occ_n_polar_gt0,mean_n_pos_charged,std_n_pos_charged,occ_n_pos_charged_gt0,mean_n_neg_charged,std_n_neg_charged,occ_n_neg_charged_gt0,mean_n_other,std_n_other,occ_n_other_gt0,mean_n_total,std_n_total,occ_n_total_gt0,mean_frac_hydrophobic,std_frac_hydrophobic
bind_101_binder,12.400586940572268,1.534460965683811,1.0,0.6122116246841118,0.5376726973306563,0.586940572267058,1.0120648895410451,0.6362730807637805,0.8074508844868346,0.0018749490502975462,0.04326006953711857,0.0018749490502975462,0.0,0.0,0.0,14.026738403847721,1.5409211228570519,1.0,0.884567205109122,0.05835851188889367
