seq_id,mean_n_hydrophobic,std_n_hydrophobic,occ_n_hydrophobic_gt0,mean_n_polar,std_n_polar,occ_n_polar_gt0,mean_n_pos_charged,std_n_pos_charged,occ_n_pos_charged_gt0,mean_n_neg_charged,std_n_neg_charged,occ_n_neg_charged_gt0,mean_n_other,std_n_other,occ_n_other_gt0,mean_n_total,std_n_total,occ_n_total_gt0,mean_frac_hydrophobic,std_frac_hydrophobic
bind_043_binder,12.19450558408739,1.1943970468672187,1.0,0.46278633732779,0.5186473024050294,0.45259639683704245,1.4319719572837695,0.9324621496776713,0.8225319964131409,0.0028531833374093097,0.053338941517923275,0.0028531833374093097,0.0,0.0,0.0,14.092117062036358,1.7398205194184806,1.0,0.870554213748302,0.06989241083118534
