seq_id,mean_n_hydrophobic,std_n_hydrophobic,occ_n_hydrophobic_gt0,mean_n_polar,std_n_polar,occ_n_polar_gt0,mean_n_pos_charged,std_n_pos_charged,occ_n_pos_charged_gt0,mean_n_neg_charged,std_n_neg_charged,occ_n_neg_charged_gt0,mean_n_other,std_n_other,occ_n_other_gt0,mean_n_total,std_n_total,occ_n_total_gt0,mean_frac_hydrophobic,std_frac_hydrophobic
bind_102_binder,11.266731882285807,1.1700333382637598,1.0,1.1388277492459444,1.1482786086958894,0.6113149099209261,0.2942039618488628,0.5057118841767752,0.27015570229069863,0.4962908616613679,0.4999862421035051,0.4962908616613679,0.0,0.0,0.0,13.196054455041983,1.8470382840454613,1.0,0.8635355060170335,0.10088454036312106
