seq_id,mean_n_hydrophobic,std_n_hydrophobic,occ_n_hydrophobic_gt0,mean_n_polar,std_n_polar,occ_n_polar_gt0,mean_n_pos_charged,std_n_pos_charged,occ_n_pos_charged_gt0,mean_n_neg_charged,std_n_neg_charged,occ_n_neg_charged_gt0,mean_n_other,std_n_other,occ_n_other_gt0,mean_n_total,std_n_total,occ_n_total_gt0,mean_frac_hydrophobic,std_frac_hydrophobic
bind_100_binder,12.081845602021684,1.534681720638211,1.0,0.40498899486427,0.5527534458078707,0.3730333414852857,1.0996168582375478,0.6609110928629146,0.8269340507051439,8.151952392598027e-05,0.009028448288227558,8.151952392598027e-05,0.0,0.0,0.0,13.586532974647428,1.5325307385009588,1.0,0.8893235951556642,0.05355095261005782
