seq_id,mean_n_hydrophobic,std_n_hydrophobic,occ_n_hydrophobic_gt0,mean_n_polar,std_n_polar,occ_n_polar_gt0,mean_n_pos_charged,std_n_pos_charged,occ_n_pos_charged_gt0,mean_n_neg_charged,std_n_neg_charged,occ_n_neg_charged_gt0,mean_n_other,std_n_other,occ_n_other_gt0,mean_n_total,std_n_total,occ_n_total_gt0,mean_frac_hydrophobic,std_frac_hydrophobic
bind_022_binder,11.30015488709546,1.9759050273426337,1.0,1.2049400831499144,0.7800803569170478,0.835004483573816,1.351675226216679,0.6113564183533035,0.9638868509007907,0.4017282139072308,0.49074613926315597,0.4014836553354528,0.0,0.0,0.0,14.258498410369283,2.506261849552918,1.0,0.7943216666017097,0.05873971600569145
