seq_id,mean_n_hydrophobic,std_n_hydrophobic,occ_n_hydrophobic_gt0,mean_n_polar,std_n_polar,occ_n_polar_gt0,mean_n_pos_charged,std_n_pos_charged,occ_n_pos_charged_gt0,mean_n_neg_charged,std_n_neg_charged,occ_n_neg_charged_gt0,mean_n_other,std_n_other,occ_n_other_gt0,mean_n_total,std_n_total,occ_n_total_gt0,mean_frac_hydrophobic,std_frac_hydrophobic
bind_088_binder,10.721284747697073,1.446417289882672,1.0,3.4273253444199887,1.0041878781258564,0.999836960952148,0.6698459280997799,0.571950821147849,0.6168582375478927,0.00024455857177794083,0.015636456212419447,0.00024455857177794083,0.0,0.0,0.0,14.81870057878862,1.5021733687579635,1.0,0.7229129208423124,0.058599047193102966
