seq_id,mean_n_hydrophobic,std_n_hydrophobic,occ_n_hydrophobic_gt0,mean_n_polar,std_n_polar,occ_n_polar_gt0,mean_n_pos_charged,std_n_pos_charged,occ_n_pos_charged_gt0,mean_n_neg_charged,std_n_neg_charged,occ_n_neg_charged_gt0,mean_n_other,std_n_other,occ_n_other_gt0,mean_n_total,std_n_total,occ_n_total_gt0,mean_frac_hydrophobic,std_frac_hydrophobic
bind_083_binder,12.89353550175267,1.572024456633785,1.0,0.6082986875356647,0.6028974896517302,0.5517241379310345,1.0942365696584333,0.6740277471190865,0.8156028368794326,0.0004891171435558817,0.02211058361906717,0.0004891171435558817,0.0,0.0,0.0,14.596559876090323,1.8504971434008362,1.0,0.885580854101661,0.05615248265628588
