seq_id,mean_n_hydrophobic,std_n_hydrophobic,occ_n_hydrophobic_gt0,mean_n_polar,std_n_polar,occ_n_polar_gt0,mean_n_pos_charged,std_n_pos_charged,occ_n_pos_charged_gt0,mean_n_neg_charged,std_n_neg_charged,occ_n_neg_charged_gt0,mean_n_other,std_n_other,occ_n_other_gt0,mean_n_total,std_n_total,occ_n_total_gt0,mean_frac_hydrophobic,std_frac_hydrophobic
bind_069_binder,14.89899730985571,1.3657665040367055,1.0,0.05282465150403522,0.2354028382934818,0.05029754626232983,0.7428874215374582,0.6141630834768759,0.6516670742642863,0.040515203391212194,0.19840070269264873,0.04027064481943426,0.0,0.0,0.0,15.735224586288416,1.4312314166766447,1.0,0.9477593613333275,0.04431003880734117
