seq_id,mean_n_hydrophobic,std_n_hydrophobic,occ_n_hydrophobic_gt0,mean_n_polar,std_n_polar,occ_n_polar_gt0,mean_n_pos_charged,std_n_pos_charged,occ_n_pos_charged_gt0,mean_n_neg_charged,std_n_neg_charged,occ_n_neg_charged_gt0,mean_n_other,std_n_other,occ_n_other_gt0,mean_n_total,std_n_total,occ_n_total_gt0,mean_frac_hydrophobic,std_frac_hydrophobic
bind_020_binder,11.456427814461563,1.209573664247124,1.0,1.6435151218716884,0.48370290792387155,0.9977174533300726,0.033993641477133775,0.19085317096920607,0.032200211950762204,0.016140865737344093,0.12601721386617434,0.016140865737344093,0.0,0.0,0.0,13.15007744354773,1.2587577749873196,1.0,0.8710882303570003,0.037994690401660904
