seq_id,mean_n_hydrophobic,std_n_hydrophobic,occ_n_hydrophobic_gt0,mean_n_polar,std_n_polar,occ_n_polar_gt0,mean_n_pos_charged,std_n_pos_charged,occ_n_pos_charged_gt0,mean_n_neg_charged,std_n_neg_charged,occ_n_neg_charged_gt0,mean_n_other,std_n_other,occ_n_other_gt0,mean_n_total,std_n_total,occ_n_total_gt0,mean_frac_hydrophobic,std_frac_hydrophobic
bind_080_binder,11.96975625662346,1.218916270227236,1.0,0.6908779652726829,0.4976351709580225,0.6739219042960789,1.318659819026657,0.8516504276515783,0.8426673188228581,0.15113719735876743,0.358182558108717,0.15113719735876743,0.0,0.0,0.0,14.130431238281568,1.4707082650576564,1.0,0.8494400182685108,0.06007512194302578
