seq_id,mean_n_hydrophobic,std_n_hydrophobic,occ_n_hydrophobic_gt0,mean_n_polar,std_n_polar,occ_n_polar_gt0,mean_n_pos_charged,std_n_pos_charged,occ_n_pos_charged_gt0,mean_n_neg_charged,std_n_neg_charged,occ_n_neg_charged_gt0,mean_n_other,std_n_other,occ_n_other_gt0,mean_n_total,std_n_total,occ_n_total_gt0,mean_frac_hydrophobic,std_frac_hydrophobic
nonb_073_nb,11.342545039536969,1.1748785424275678,1.0,2.1540719002201025,0.628058124143654,0.999673921904296,0.3908861172250754,0.7614617553649621,0.23396103366756338,0.22034727317192468,0.4152667920373958,0.22002119507622075,0.0,0.0,0.0,14.107850330154072,1.4636241484527313,1.0,0.8060640458731937,0.05782765620121613
