seq_id,mean_n_hydrophobic,std_n_hydrophobic,occ_n_hydrophobic_gt0,mean_n_polar,std_n_polar,occ_n_polar_gt0,mean_n_pos_charged,std_n_pos_charged,occ_n_pos_charged_gt0,mean_n_neg_charged,std_n_neg_charged,occ_n_neg_charged_gt0,mean_n_other,std_n_other,occ_n_other_gt0,mean_n_total,std_n_total,occ_n_total_gt0,mean_frac_hydrophobic,std_frac_hydrophobic
nonb_006_nb,10.74891986630798,1.3642978590695978,1.0,0.14225156925083557,0.3541749289565842,0.14053965924839,1.1099698377761473,0.7239202605540613,0.7869894839814136,0.017200619548381837,0.13001829961791403,0.017200619548381837,0.0,0.0,0.0,12.018341892883345,1.3821131130333202,1.0,0.895554383258302,0.0686890210200236
