seq_id,mean_n_hydrophobic,std_n_hydrophobic,occ_n_hydrophobic_gt0,mean_n_polar,std_n_polar,occ_n_polar_gt0,mean_n_pos_charged,std_n_pos_charged,occ_n_pos_charged_gt0,mean_n_neg_charged,std_n_neg_charged,occ_n_neg_charged_gt0,mean_n_other,std_n_other,occ_n_other_gt0,mean_n_total,std_n_total,occ_n_total_gt0,mean_frac_hydrophobic,std_frac_hydrophobic
nonb_082_nb,11.198663079807615,1.3900524112129868,0.999918480476074,0.9991848047607402,0.6371550553892699,0.7967718268525312,1.2346947093828973,0.6427169044723985,0.8832640417379962,0.004565093339854895,0.06741107670593392,0.004565093339854895,0.0,0.0,0.0,13.437107687291107,1.4273593015606187,0.999918480476074,0.8339516743979997,0.06025636797421387
