seq_id,mean_n_hydrophobic,std_n_hydrophobic,occ_n_hydrophobic_gt0,mean_n_polar,std_n_polar,occ_n_polar_gt0,mean_n_pos_charged,std_n_pos_charged,occ_n_pos_charged_gt0,mean_n_neg_charged,std_n_neg_charged,occ_n_neg_charged_gt0,mean_n_other,std_n_other,occ_n_other_gt0,mean_n_total,std_n_total,occ_n_total_gt0,mean_frac_hydrophobic,std_frac_hydrophobic
nonb_050_nb,6.918969593217575,1.5793321462497678,0.9984511290454063,0.23909676367490013,0.5420094907854788,0.18896225646042228,1.652971386647102,0.6003788913292358,0.9848373685497677,0.05143881959729355,0.22527613280140033,0.05094970245373767,0.0,0.0,0.0,8.862476563136871,1.9467308446878517,0.9985326485693323,0.7820918697129565,0.08434004799249079
