seq_id,mean_n_hydrophobic,std_n_hydrophobic,occ_n_hydrophobic_gt0,mean_n_polar,std_n_polar,occ_n_polar_gt0,mean_n_pos_charged,std_n_pos_charged,occ_n_pos_charged_gt0,mean_n_neg_charged,std_n_neg_charged,occ_n_neg_charged_gt0,mean_n_other,std_n_other,occ_n_other_gt0,mean_n_total,std_n_total,occ_n_total_gt0,mean_frac_hydrophobic,std_frac_hydrophobic
nonb_029_nb,11.838346784054782,1.6732918375813965,1.0,0.5758539170131246,0.5788427531958122,0.5308551398059835,1.2486345479742398,0.6656671786645089,0.8747860112496944,0.15284910736121302,0.35984198996239086,0.15284910736121302,0.0,0.0,0.0,13.81568435640336,1.8098726185553582,1.0,0.8576957569748391,0.05765802285425182
