seq_id,mean_n_hydrophobic,std_n_hydrophobic,occ_n_hydrophobic_gt0,mean_n_polar,std_n_polar,occ_n_polar_gt0,mean_n_pos_charged,std_n_pos_charged,occ_n_pos_charged_gt0,mean_n_neg_charged,std_n_neg_charged,occ_n_neg_charged_gt0,mean_n_other,std_n_other,occ_n_other_gt0,mean_n_total,std_n_total,occ_n_total_gt0,mean_frac_hydrophobic,std_frac_hydrophobic
nonb_117_nb,13.077198989157903,1.132455911602353,1.0,0.41933643107524254,0.6493805263098932,0.3302355914241461,1.541371158392435,0.670674802268798,0.9457079970652972,8.151952392598027e-05,0.009028448288227558,8.151952392598027e-05,0.0,0.0,0.0,15.037988098149507,1.3449693274373038,1.0,0.8714722374295802,0.05350909730270968
