seq_id,mean_n_hydrophobic,std_n_hydrophobic,occ_n_hydrophobic_gt0,mean_n_polar,std_n_polar,occ_n_polar_gt0,mean_n_pos_charged,std_n_pos_charged,occ_n_pos_charged_gt0,mean_n_neg_charged,std_n_neg_charged,occ_n_neg_charged_gt0,mean_n_other,std_n_other,occ_n_other_gt0,mean_n_total,std_n_total,occ_n_total_gt0,mean_frac_hydrophobic,std_frac_hydrophobic
nonb_089_nb,6.740197277247901,2.0197728206135306,0.9880166299828809,1.6294122442324936,0.803072890134457,0.9590771989891579,1.6718023966740034,0.8669862481024458,0.9735061547240564,0.42512431727398714,0.5241363324906777,0.41102143963479254,0.0,0.0,0.0,10.466536235428386,2.3437216452938703,0.9890763837939186,0.6311454188768504,0.12205573374336685
