seq_id,mean_n_hydrophobic,std_n_hydrophobic,occ_n_hydrophobic_gt0,mean_n_polar,std_n_polar,occ_n_polar_gt0,mean_n_pos_charged,std_n_pos_charged,occ_n_pos_charged_gt0,mean_n_neg_charged,std_n_neg_charged,occ_n_neg_charged_gt0,mean_n_other,std_n_other,occ_n_other_gt0,mean_n_total,std_n_total,occ_n_total_gt0,mean_frac_hydrophobic,std_frac_hydrophobic
nonb_011_nb,13.290454063748268,2.052544309049178,1.0,0.8609276921822776,0.7593198358380798,0.6719654357218554,1.5778103855873482,0.720184934253211,0.9238607646531344,0.5765060732045325,0.49427710832151095,0.5764245536806065,0.0,0.0,0.0,16.305698214722426,1.98731675157751,1.0,0.8134484815417039,0.06218722357181202
