seq_id,mean_n_hydrophobic,std_n_hydrophobic,occ_n_hydrophobic_gt0,mean_n_polar,std_n_polar,occ_n_polar_gt0,mean_n_pos_charged,std_n_pos_charged,occ_n_pos_charged_gt0,mean_n_neg_charged,std_n_neg_charged,occ_n_neg_charged_gt0,mean_n_other,std_n_other,occ_n_other_gt0,mean_n_total,std_n_total,occ_n_total_gt0,mean_frac_hydrophobic,std_frac_hydrophobic
nonb_026_nb,11.14380044020543,1.1704193575492916,1.0,2.2057552783891743,0.756196309613667,0.9969837776147388,1.504524333577892,0.7190531905131826,0.9236162060813565,0.6113964294448521,0.4879343733029002,0.6111518708730741,0.0,0.0,0.0,15.465476481617348,2.0557194993430423,1.0,0.7259433501989987,0.06718631089582881
