seq_id,mean_n_hydrophobic,std_n_hydrophobic,occ_n_hydrophobic_gt0,mean_n_polar,std_n_polar,occ_n_polar_gt0,mean_n_pos_charged,std_n_pos_charged,occ_n_pos_charged_gt0,mean_n_neg_charged,std_n_neg_charged,occ_n_neg_charged_gt0,mean_n_other,std_n_other,occ_n_other_gt0,mean_n_total,std_n_total,occ_n_total_gt0,mean_frac_hydrophobic,std_frac_hydrophobic
nonb_013_nb,12.861009211706204,1.2177868726511054,1.0,2.6590038314176243,0.5399664723052899,0.9982880899975544,1.3300725523762942,0.4990033464083962,0.9979620119018505,1.1517893535501753,0.4002697614539769,0.9842667318822859,0.0,0.0,0.0,18.001874949050297,1.6009534147884517,1.0,0.7152361686897429,0.04165838599464844
