seq_id,mean_n_hydrophobic,std_n_hydrophobic,occ_n_hydrophobic_gt0,mean_n_polar,std_n_polar,occ_n_polar_gt0,mean_n_pos_charged,std_n_pos_charged,occ_n_pos_charged_gt0,mean_n_neg_charged,std_n_neg_charged,occ_n_neg_charged_gt0,mean_n_other,std_n_other,occ_n_other_gt0,mean_n_total,std_n_total,occ_n_total_gt0,mean_frac_hydrophobic,std_frac_hydrophobic
nonb_024_nb,13.344746066682971,1.3161979404108284,1.0,1.4944974321349964,0.5446089325677204,0.9901361376049563,1.5508274231678487,0.6587360957141785,0.9303008070432869,0.020216841933643107,0.14074132739132877,0.020216841933643107,0.0,0.0,0.0,16.41028776391946,1.7166632044781835,1.0,0.8150200414514568,0.046994011988559334
