seq_id,mean_n_hydrophobic,std_n_hydrophobic,occ_n_hydrophobic_gt0,mean_n_polar,std_n_polar,occ_n_polar_gt0,mean_n_pos_charged,std_n_pos_charged,occ_n_pos_charged_gt0,mean_n_neg_charged,std_n_neg_charged,occ_n_neg_charged_gt0,mean_n_other,std_n_other,occ_n_other_gt0,mean_n_total,std_n_total,occ_n_total_gt0,mean_frac_hydrophobic,std_frac_hydrophobic
nonb_022_nb,12.022010271460015,1.19964592296355,1.0,0.5007744354772968,0.6457177287717127,0.41827667726420475,1.2989320942365696,0.8059864064761574,0.8197603325996576,0.01532567049808429,0.12284459419066206,0.01532567049808429,0.0,0.0,0.0,13.837042471671966,1.4136153291325904,1.0,0.8707375443811055,0.05476793399605285
