seq_id,mean_n_hydrophobic,std_n_hydrophobic,occ_n_hydrophobic_gt0,mean_n_polar,std_n_polar,occ_n_polar_gt0,mean_n_pos_charged,std_n_pos_charged,occ_n_pos_charged_gt0,mean_n_neg_charged,std_n_neg_charged,occ_n_neg_charged_gt0,mean_n_other,std_n_other,occ_n_other_gt0,mean_n_total,std_n_total,occ_n_total_gt0,mean_frac_hydrophobic,std_frac_hydrophobic
nonb_087_nb,13.322491236651178,1.277831905631617,1.0,1.3686312871932829,0.7503728221648078,0.9500285318333741,1.2030651340996168,0.4132757348848094,0.9982065704736285,1.9011983370017118,0.3051489318076664,0.9979620119018505,0.0,0.0,0.0,17.79538599494579,1.4521081743806261,1.0,0.7493555891692889,0.04990821600198844
