seq_id,mean_n_hydrophobic,std_n_hydrophobic,occ_n_hydrophobic_gt0,mean_n_polar,std_n_polar,occ_n_polar_gt0,mean_n_pos_charged,std_n_pos_charged,occ_n_pos_charged_gt0,mean_n_neg_charged,std_n_neg_charged,occ_n_neg_charged_gt0,mean_n_other,std_n_other,occ_n_other_gt0,mean_n_total,std_n_total,occ_n_total_gt0,mean_frac_hydrophobic,std_frac_hydrophobic
nonb_081_nb,9.593217575609359,0.9871661875225368,1.0,0.4085758539170131,0.5897287899234894,0.3574631124154235,1.9178283198826118,0.416028706662651,0.9955164261840711,0.009537784299339692,0.09719472706890514,0.009537784299339692,0.0,0.0,0.0,11.929159533708322,1.214684198611024,1.0,0.8055504437321508,0.04984328381351153
