seq_id,mean_n_hydrophobic,std_n_hydrophobic,occ_n_hydrophobic_gt0,mean_n_polar,std_n_polar,occ_n_polar_gt0,mean_n_pos_charged,std_n_pos_charged,occ_n_pos_charged_gt0,mean_n_neg_charged,std_n_neg_charged,occ_n_neg_charged_gt0,mean_n_other,std_n_other,occ_n_other_gt0,mean_n_total,std_n_total,occ_n_total_gt0,mean_frac_hydrophobic,std_frac_hydrophobic
nonb_116_nb,11.353142577647347,1.8006589727350588,1.0,0.16254993070840465,0.4055813667580633,0.14852857259313607,1.4100432053476808,0.5400321144994328,0.9797016385424309,0.4235754463193935,0.4961005504622461,0.42259721203228173,0.0,0.0,0.0,13.349311160022825,2.07631764046406,1.0,0.8516931364964619,0.05641323496909808
