seq_id,mean_n_hydrophobic,std_n_hydrophobic,occ_n_hydrophobic_gt0,mean_n_polar,std_n_polar,occ_n_polar_gt0,mean_n_pos_charged,std_n_pos_charged,occ_n_pos_charged_gt0,mean_n_neg_charged,std_n_neg_charged,occ_n_neg_charged_gt0,mean_n_other,std_n_other,occ_n_other_gt0,mean_n_total,std_n_total,occ_n_total_gt0,mean_frac_hydrophobic,std_frac_hydrophobic
nonb_068_nb,10.745577565827016,1.360716235633834,1.0,2.342952637156599,0.8871333866301827,0.9866307980761392,1.9306268851389907,0.6399618043682287,0.9974728947582946,0.00032607809570392107,0.018054688276993962,0.00032607809570392107,0.0,0.0,0.0,15.01948316621831,1.5540673793902344,1.0,0.7152884169797894,0.05274224603744288
