seq_id,mean_n_hydrophobic,std_n_hydrophobic,occ_n_hydrophobic_gt0,mean_n_polar,std_n_polar,occ_n_polar_gt0,mean_n_pos_charged,std_n_pos_charged,occ_n_pos_charged_gt0,mean_n_neg_charged,std_n_neg_charged,occ_n_neg_charged_gt0,mean_n_other,std_n_other,occ_n_other_gt0,mean_n_total,std_n_total,occ_n_total_gt0,mean_frac_hydrophobic,std_frac_hydrophobic
nonb_048_nb,9.136871280671722,2.3900829236960224,1.0,1.1252955082742317,0.8028248002415074,0.7331865981902665,2.178038640254341,0.7687316608043555,0.9963316214233309,0.7998695687617184,0.4023327867040326,0.7989728539985327,0.0,0.0,0.0,13.240074997962012,2.861265637372307,1.0,0.6833957705480411,0.08459963465665711
