seq_id,mean_n_hydrophobic,std_n_hydrophobic,occ_n_hydrophobic_gt0,mean_n_polar,std_n_polar,occ_n_polar_gt0,mean_n_pos_charged,std_n_pos_charged,occ_n_pos_charged_gt0,mean_n_neg_charged,std_n_neg_charged,occ_n_neg_charged_gt0,mean_n_other,std_n_other,occ_n_other_gt0,mean_n_total,std_n_total,occ_n_total_gt0,mean_frac_hydrophobic,std_frac_hydrophobic
nonb_009_nb,14.2121138012554,1.3535421283567817,1.0,0.6004728132387707,0.5133671938665553,0.5888970408412815,0.7156599005461808,0.47999192721543227,0.7029428548137279,0.00040759761962990136,0.020184932098235388,0.00040759761962990136,0.0,0.0,0.0,15.528654112659982,1.5155152073801312,1.0,0.9161873176335068,0.037034921747804456
