seq_id,mean_n_hydrophobic,std_n_hydrophobic,occ_n_hydrophobic_gt0,mean_n_polar,std_n_polar,occ_n_polar_gt0,mean_n_pos_charged,std_n_pos_charged,occ_n_pos_charged_gt0,mean_n_neg_charged,std_n_neg_charged,occ_n_neg_charged_gt0,mean_n_other,std_n_other,occ_n_other_gt0,mean_n_total,std_n_total,occ_n_total_gt0,mean_frac_hydrophobic,std_frac_hydrophobic
nonb_080_nb,10.940653786581887,1.7271442630843392,1.0,0.7702779815765876,0.693319232982245,0.6283524904214559,2.0525800929322573,0.3662056997084508,0.9993478438085922,0.012472487160674981,0.11098163913324484,0.012472487160674981,0.0,0.0,0.0,13.775984348251406,1.7738902553576688,1.0,0.7924755118807897,0.05188316818127911
