seq_id,mean_n_hydrophobic,std_n_hydrophobic,occ_n_hydrophobic_gt0,mean_n_polar,std_n_polar,occ_n_polar_gt0,mean_n_pos_charged,std_n_pos_charged,occ_n_pos_charged_gt0,mean_n_neg_charged,std_n_neg_charged,occ_n_neg_charged_gt0,mean_n_other,std_n_other,occ_n_other_gt0,mean_n_total,std_n_total,occ_n_total_gt0,mean_frac_hydrophobic,std_frac_hydrophobic
nonb_053_nb,9.765631368712807,1.3914103196084122,1.0,1.2901279856525638,0.532350716467472,0.9687780223363496,1.8659819026656885,0.5609267396058869,0.9815765875927285,0.053721366267221,0.22869790664602016,0.05298769055188718,0.0,0.0,0.0,12.97546262329828,1.7324887949902226,1.0,0.753136756573363,0.050294511568980634
