seq_id,mean_n_hydrophobic,std_n_hydrophobic,occ_n_hydrophobic_gt0,mean_n_polar,std_n_polar,occ_n_polar_gt0,mean_n_pos_charged,std_n_pos_charged,occ_n_pos_charged_gt0,mean_n_neg_charged,std_n_neg_charged,occ_n_neg_charged_gt0,mean_n_other,std_n_other,occ_n_other_gt0,mean_n_total,std_n_total,occ_n_total_gt0,mean_frac_hydrophobic,std_frac_hydrophobic
nonb_047_nb,13.164017282139072,1.5774868498405175,1.0,1.1424146082986875,0.54534362019068,0.9186435151218717,0.8444607483492297,0.6642921215950598,0.6895736528898672,0.0022010271460014674,0.04686344658157392,0.0022010271460014674,0.0,0.0,0.0,15.15309366593299,1.9344539742883722,1.0,0.8715473415331243,0.05757125899623757
