seq_id,mean_n_hydrophobic,std_n_hydrophobic,occ_n_hydrophobic_gt0,mean_n_polar,std_n_polar,occ_n_polar_gt0,mean_n_pos_charged,std_n_pos_charged,occ_n_pos_charged_gt0,mean_n_neg_charged,std_n_neg_charged,occ_n_neg_charged_gt0,mean_n_other,std_n_other,occ_n_other_gt0,mean_n_total,std_n_total,occ_n_total_gt0,mean_frac_hydrophobic,std_frac_hydrophobic
nonb_067_nb,10.922311893698541,1.1285284777999205,1.0,2.4614005054210484,0.6444369829322376,0.9989402461889623,1.9636422923290129,0.45340342832520464,0.9964946604711828,0.08592157821798321,0.28024821250904386,0.08592157821798321,0.0,0.0,0.0,15.433276269666585,1.3267794607254664,1.0,0.7077023433483168,0.04115032214822096
