seq_id,mean_n_hydrophobic,std_n_hydrophobic,occ_n_hydrophobic_gt0,mean_n_polar,std_n_polar,occ_n_polar_gt0,mean_n_pos_charged,std_n_pos_charged,occ_n_pos_charged_gt0,mean_n_neg_charged,std_n_neg_charged,occ_n_neg_charged_gt0,mean_n_other,std_n_other,occ_n_other_gt0,mean_n_total,std_n_total,occ_n_total_gt0,mean_frac_hydrophobic,std_frac_hydrophobic
nonb_054_nb,12.28613352898019,1.182660220493188,1.0,1.979294040922801,0.662541694702852,0.9940490747534034,1.8848944322165158,0.46927883479787286,0.9950273090405152,0.4857748430749164,0.5025627410820862,0.4843890111681748,0.0,0.0,0.0,16.636096845194423,1.4653281069401014,1.0,0.7396252648804803,0.050724554240660163
