seq_id,mean_n_hydrophobic,std_n_hydrophobic,occ_n_hydrophobic_gt0,mean_n_polar,std_n_polar,occ_n_polar_gt0,mean_n_pos_charged,std_n_pos_charged,occ_n_pos_charged_gt0,mean_n_neg_charged,std_n_neg_charged,occ_n_neg_charged_gt0,mean_n_other,std_n_other,occ_n_other_gt0,mean_n_total,std_n_total,occ_n_total_gt0,mean_frac_hydrophobic,std_frac_hydrophobic
nonb_088_nb,12.788130757316377,1.1818562537955406,1.0,2.0489932338795143,0.35610126152080107,0.9944566723730334,0.28996494660471184,0.45374582790945683,0.28996494660471184,8.151952392598027e-05,0.00902844828822756,8.151952392598027e-05,0.0,0.0,0.0,15.12717045732453,1.328728109776449,1.0,0.8456870422901199,0.033286368825202
