seq_id,mean_n_hydrophobic,std_n_hydrophobic,occ_n_hydrophobic_gt0,mean_n_polar,std_n_polar,occ_n_polar_gt0,mean_n_pos_charged,std_n_pos_charged,occ_n_pos_charged_gt0,mean_n_neg_charged,std_n_neg_charged,occ_n_neg_charged_gt0,mean_n_other,std_n_other,occ_n_other_gt0,mean_n_total,std_n_total,occ_n_total_gt0,mean_frac_hydrophobic,std_frac_hydrophobic
nonb_014_nb,10.911551316540312,1.4400617604270152,1.0,3.0229885057471266,0.9110392079166523,1.0,1.2421945055840873,1.1796845644628882,0.5941958098964703,0.49033993641477136,0.5000697173588711,0.49025841689084537,0.0,0.0,0.0,15.667074264286297,1.6492939342036435,1.0,0.6975608946702767,0.06892402481888552
