seq_id,mean_n_hydrophobic,std_n_hydrophobic,occ_n_hydrophobic_gt0,mean_n_polar,std_n_polar,occ_n_polar_gt0,mean_n_pos_charged,std_n_pos_charged,occ_n_pos_charged_gt0,mean_n_neg_charged,std_n_neg_charged,occ_n_neg_charged_gt0,mean_n_other,std_n_other,occ_n_other_gt0,mean_n_total,std_n_total,occ_n_total_gt0,mean_frac_hydrophobic,std_frac_hydrophobic
nonb_071_nb,11.879188065541697,1.467146720863562,1.0,0.7702779815765876,0.4522205344318932,0.7565011820330969,1.77671802396674,0.836880719021223,0.9466047118284829,0.40099453819189695,0.49059865029952965,0.40074997962011905,0.0,0.0,0.0,14.827178609276922,1.6447722741075832,1.0,0.8023561761624672,0.06423816677922134
