seq_id,mean_n_hydrophobic,std_n_hydrophobic,occ_n_hydrophobic_gt0,mean_n_polar,std_n_polar,occ_n_polar_gt0,mean_n_pos_charged,std_n_pos_charged,occ_n_pos_charged_gt0,mean_n_neg_charged,std_n_neg_charged,occ_n_neg_charged_gt0,mean_n_other,std_n_other,occ_n_other_gt0,mean_n_total,std_n_total,occ_n_total_gt0,mean_frac_hydrophobic,std_frac_hydrophobic
nonb_052_nb,11.468003586859053,1.354929991656117,1.0,0.4387380777696258,0.4977090800008648,0.43800440205429203,1.4886280264123257,0.6699091853349326,0.9134262655906089,0.08632917583761311,0.28773144837723014,0.08437270726338958,0.0,0.0,0.0,13.481698866878617,1.4706897344678893,1.0,0.8516364939503418,0.05845300029101393
