seq_id,mean_n_hydrophobic,std_n_hydrophobic,occ_n_hydrophobic_gt0,mean_n_polar,std_n_polar,occ_n_polar_gt0,mean_n_pos_charged,std_n_pos_charged,occ_n_pos_charged_gt0,mean_n_neg_charged,std_n_neg_charged,occ_n_neg_charged_gt0,mean_n_other,std_n_other,occ_n_other_gt0,mean_n_total,std_n_total,occ_n_total_gt0,mean_frac_hydrophobic,std_frac_hydrophobic
nonb_032_nb,12.599413059427732,1.5262576590596009,1.0,0.08127496535420232,0.3166488210520187,0.06929159533708323,2.0877965272682806,0.3835327179460268,0.999918480476074,0.4015651748593788,0.4902148357603382,0.4015651748593788,0.0,0.0,0.0,15.170049726909594,1.6302271378193216,1.0,0.8301520419456235,0.04031130880163901
