seq_id,mean_n_hydrophobic,std_n_hydrophobic,occ_n_hydrophobic_gt0,mean_n_polar,std_n_polar,occ_n_polar_gt0,mean_n_pos_charged,std_n_pos_charged,occ_n_pos_charged_gt0,mean_n_neg_charged,std_n_neg_charged,occ_n_neg_charged_gt0,mean_n_other,std_n_other,occ_n_other_gt0,mean_n_total,std_n_total,occ_n_total_gt0,mean_frac_hydrophobic,std_frac_hydrophobic
nonb_085_nb,12.78462541778756,1.6818574134445194,0.9989402461889623,0.7739463601532567,0.7532518701858305,0.5802559713051276,1.6295752832803456,0.6955582380442931,0.9722833618651667,0.2553191489361702,0.4366009599923434,0.2550745903643923,0.0,0.0,0.0,15.443466210157332,2.09156079140004,0.9991032852368142,0.8294782697428531,0.06743728697453034
