seq_id,mean_n_hydrophobic,std_n_hydrophobic,occ_n_hydrophobic_gt0,mean_n_polar,std_n_polar,occ_n_polar_gt0,mean_n_pos_charged,std_n_pos_charged,occ_n_pos_charged_gt0,mean_n_neg_charged,std_n_neg_charged,occ_n_neg_charged_gt0,mean_n_other,std_n_other,occ_n_other_gt0,mean_n_total,std_n_total,occ_n_total_gt0,mean_frac_hydrophobic,std_frac_hydrophobic
nonb_056_nb,11.150240482595581,1.763929107057242,0.999918480476074,0.5687617184315643,0.7124616860380232,0.4400423901524415,1.607483492296405,0.8257805453273293,0.9563870546996005,0.04907475340344013,0.21602412361084042,0.04907475340344013,0.0,0.0,0.0,13.375560446726992,1.820528058422816,0.999918480476074,0.8338504909366797,0.07348790719865278
