seq_id,mean_n_hydrophobic,std_n_hydrophobic,occ_n_hydrophobic_gt0,mean_n_polar,std_n_polar,occ_n_polar_gt0,mean_n_pos_charged,std_n_pos_charged,occ_n_pos_charged_gt0,mean_n_neg_charged,std_n_neg_charged,occ_n_neg_charged_gt0,mean_n_other,std_n_other,occ_n_other_gt0,mean_n_total,std_n_total,occ_n_total_gt0,mean_frac_hydrophobic,std_frac_hydrophobic
nonb_046_nb,12.934213744191734,1.6646823720021124,1.0,1.4116735958262003,0.6853013337789526,0.9192956713132795,1.4986549278552213,0.964805293627016,0.8294611559468492,0.49947012309448113,0.5004885976463608,0.49922556452270317,0.0,0.0,0.0,16.344012390967638,2.446463829744214,1.0,0.7964328433929098,0.06694729745549534
