seq_id,mean_n_hydrophobic,std_n_hydrophobic,occ_n_hydrophobic_gt0,mean_n_polar,std_n_polar,occ_n_polar_gt0,mean_n_pos_charged,std_n_pos_charged,occ_n_pos_charged_gt0,mean_n_neg_charged,std_n_neg_charged,occ_n_neg_charged_gt0,mean_n_other,std_n_other,occ_n_other_gt0,mean_n_total,std_n_total,occ_n_total_gt0,mean_frac_hydrophobic,std_frac_hydrophobic
nonb_025_nb,12.134099616858238,1.4434930339610825,1.0,0.5325670498084292,0.7691862361298442,0.40099453819189695,1.9554088204124889,0.25258242716242235,1.0,0.5706366674818619,0.49514997753701734,0.5705551479579359,0.0,0.0,0.0,15.192712154561017,1.5981879276366442,1.0,0.7993812511054743,0.05680052478457683
