seq_id,mean_n_hydrophobic,std_n_hydrophobic,occ_n_hydrophobic_gt0,mean_n_polar,std_n_polar,occ_n_polar_gt0,mean_n_pos_charged,std_n_pos_charged,occ_n_pos_charged_gt0,mean_n_neg_charged,std_n_neg_charged,occ_n_neg_charged_gt0,mean_n_other,std_n_other,occ_n_other_gt0,mean_n_total,std_n_total,occ_n_total_gt0,mean_frac_hydrophobic,std_frac_hydrophobic
nonb_017_nb,11.288905192793674,1.3981004709155236,1.0,1.2489606260699437,0.4818101794190306,0.9995924023803701,1.3825711257846254,0.5825926336564862,0.9927447623705877,0.014021358115268607,0.11757873800935267,0.014021358115268607,0.0,0.0,0.0,13.934458302763511,1.4930425990062604,1.0,0.8100236762548224,0.05010443749272095
