seq_id,mean_n_hydrophobic,std_n_hydrophobic,occ_n_hydrophobic_gt0,mean_n_polar,std_n_polar,occ_n_polar_gt0,mean_n_pos_charged,std_n_pos_charged,occ_n_pos_charged_gt0,mean_n_neg_charged,std_n_neg_charged,occ_n_neg_charged_gt0,mean_n_other,std_n_other,occ_n_other_gt0,mean_n_total,std_n_total,occ_n_total_gt0,mean_frac_hydrophobic,std_frac_hydrophobic
nonb_010_nb,9.294040922801011,1.2787301363114532,1.0,2.1054047444362927,0.5988162329585266,0.9966576995190348,2.393657781038559,0.6188544980973654,0.9968207385668868,0.33944729762778186,0.47438172920153426,0.339039700008152,0.0,0.0,0.0,14.132550745903645,1.8521725413096646,1.0,0.6589528038135627,0.05311650736373704
