seq_id,mean_n_hydrophobic,std_n_hydrophobic,occ_n_hydrophobic_gt0,mean_n_polar,std_n_polar,occ_n_polar_gt0,mean_n_pos_charged,std_n_pos_charged,occ_n_pos_charged_gt0,mean_n_neg_charged,std_n_neg_charged,occ_n_neg_charged_gt0,mean_n_other,std_n_other,occ_n_other_gt0,mean_n_total,std_n_total,occ_n_total_gt0,mean_frac_hydrophobic,std_frac_hydrophobic
nonb_021_nb,12.189532893127904,1.6778139326772428,1.0,0.5807450884486834,0.5947223108639357,0.5297953859949458,1.1473872992581724,0.5619322139466114,0.9080459770114943,8.151952392598027e-05,0.00902844828822756,8.151952392598027e-05,0.0,0.0,0.0,13.917746800358685,1.7805779556548056,1.0,0.8766655228988667,0.05915864578310637
