seq_id,mean_n_hydrophobic,std_n_hydrophobic,occ_n_hydrophobic_gt0,mean_n_polar,std_n_polar,occ_n_polar_gt0,mean_n_pos_charged,std_n_pos_charged,occ_n_pos_charged_gt0,mean_n_neg_charged,std_n_neg_charged,occ_n_neg_charged_gt0,mean_n_other,std_n_other,occ_n_other_gt0,mean_n_total,std_n_total,occ_n_total_gt0,mean_frac_hydrophobic,std_frac_hydrophobic
nonb_019_nb,12.632999103285236,1.7249473089444094,1.0,1.140621178772316,0.48859399755826693,0.9413059427732942,0.5554740360316296,0.5913013034596631,0.504442814053966,0.0011412733349637238,0.033763454061138724,0.0011412733349637238,0.0,0.0,0.0,14.330235591424145,1.705113309428377,1.0,0.8811988341488693,0.05652130566884424
