seq_id,mean_n_hydrophobic,std_n_hydrophobic,occ_n_hydrophobic_gt0,mean_n_polar,std_n_polar,occ_n_polar_gt0,mean_n_pos_charged,std_n_pos_charged,occ_n_pos_charged_gt0,mean_n_neg_charged,std_n_neg_charged,occ_n_neg_charged_gt0,mean_n_other,std_n_other,occ_n_other_gt0,mean_n_total,std_n_total,occ_n_total_gt0,mean_frac_hydrophobic,std_frac_hydrophobic
nonb_066_nb,10.805983533056168,1.4126632919122775,1.0,1.240156517485938,0.45202720825977605,0.991848047607402,1.549523110785033,0.8061810166437882,0.900709219858156,0.001222792858889704,0.0349470690690071,0.001222792858889704,0.0,0.0,0.0,13.596885954186028,1.6578539579650313,1.0,0.7958500324257449,0.059781222633642474
