seq_id,mean_n_hydrophobic,std_n_hydrophobic,occ_n_hydrophobic_gt0,mean_n_polar,std_n_polar,occ_n_polar_gt0,mean_n_pos_charged,std_n_pos_charged,occ_n_pos_charged_gt0,mean_n_neg_charged,std_n_neg_charged,occ_n_neg_charged_gt0,mean_n_other,std_n_other,occ_n_other_gt0,mean_n_total,std_n_total,occ_n_total_gt0,mean_frac_hydrophobic,std_frac_hydrophobic
nonb_018_nb,11.884242276025107,1.5306872665389684,1.0,1.3312138257112578,0.5100504697673408,0.9953533871362191,1.289720388032934,0.7007858578281322,0.8620689655172413,0.002364066193853428,0.048564157409395126,0.002364066193853428,0.0,0.0,0.0,14.507540555963153,1.726843497503775,1.0,0.8200216333206982,0.055035123762694475
