seq_id,mean_n_hydrophobic,std_n_hydrophobic,occ_n_hydrophobic_gt0,mean_n_polar,std_n_polar,occ_n_polar_gt0,mean_n_pos_charged,std_n_pos_charged,occ_n_pos_charged_gt0,mean_n_neg_charged,std_n_neg_charged,occ_n_neg_charged_gt0,mean_n_other,std_n_other,occ_n_other_gt0,mean_n_total,std_n_total,occ_n_total_gt0,mean_frac_hydrophobic,std_frac_hydrophobic
nonb_072_nb,10.117714192549116,1.301403594979702,1.0,4.003831417624521,0.25709464043996816,1.0,1.6922637971794245,0.5479603296726397,0.9938045161816255,0.05975381103774354,0.2370301523102265,0.05975381103774354,0.0,0.0,0.0,15.873563218390805,1.2858028743507328,1.0,0.635758483144328,0.045180950710837636
