seq_id,mean_n_hydrophobic,std_n_hydrophobic,occ_n_hydrophobic_gt0,mean_n_polar,std_n_polar,occ_n_polar_gt0,mean_n_pos_charged,std_n_pos_charged,occ_n_pos_charged_gt0,mean_n_neg_charged,std_n_neg_charged,occ_n_neg_charged_gt0,mean_n_other,std_n_other,occ_n_other_gt0,mean_n_total,std_n_total,occ_n_total_gt0,mean_frac_hydrophobic,std_frac_hydrophobic
nonb_115_nb,12.52604548789435,1.3886316096574478,1.0,0.07499796201190186,0.2646231733944913,0.07467188391619793,1.7301703758050053,0.5192051371046948,0.9699192956713133,0.0013043123828156843,0.0360917047536372,0.0013043123828156843,0.0,0.0,0.0,14.332518138094073,1.4273715787292758,1.0,0.8737862209518971,0.03909887832263328
