seq_id,mean_n_hydrophobic,std_n_hydrophobic,occ_n_hydrophobic_gt0,mean_n_polar,std_n_polar,occ_n_polar_gt0,mean_n_pos_charged,std_n_pos_charged,occ_n_pos_charged_gt0,mean_n_neg_charged,std_n_neg_charged,occ_n_neg_charged_gt0,mean_n_other,std_n_other,occ_n_other_gt0,mean_n_total,std_n_total,occ_n_total_gt0,mean_frac_hydrophobic,std_frac_hydrophobic
nonb_051_nb,11.53378984266732,1.2051607767330013,1.0,0.46955245781364635,0.5382096897027667,0.44925409635607727,2.2558082660797263,0.8507844390070995,0.9907067742724383,0.0009782342871117633,0.03126143542435763,0.0009782342871117633,0.0,0.0,0.0,14.260128800847802,1.4335340562672672,1.0,0.8111839657382633,0.0667271954080047
