seq_id,mean_n_hydrophobic,std_n_hydrophobic,occ_n_hydrophobic_gt0,mean_n_polar,std_n_polar,occ_n_polar_gt0,mean_n_pos_charged,std_n_pos_charged,occ_n_pos_charged_gt0,mean_n_neg_charged,std_n_neg_charged,occ_n_neg_charged_gt0,mean_n_other,std_n_other,occ_n_other_gt0,mean_n_total,std_n_total,occ_n_total_gt0,mean_frac_hydrophobic,std_frac_hydrophobic
pair_0014_fail_gate,8.408005217249531,1.0102165760782988,1.0,0.8240808673677346,0.43548167644300956,0.8017445178120159,0.8064726501997228,0.7487151610594462,0.6043042308632918,0.8370424716719654,0.40390689043017564,0.8236732697481046,0.0,0.0,0.0,10.875601206488954,1.3875668509310586,1.0,0.7769457026854923,0.06952780331154172
