seq_id,mean_n_hydrophobic,std_n_hydrophobic,occ_n_hydrophobic_gt0,mean_n_polar,std_n_polar,occ_n_polar_gt0,mean_n_pos_charged,std_n_pos_charged,occ_n_pos_charged_gt0,mean_n_neg_charged,std_n_neg_charged,occ_n_neg_charged_gt0,mean_n_other,std_n_other,occ_n_other_gt0,mean_n_total,std_n_total,occ_n_total_gt0,mean_frac_hydrophobic,std_frac_hydrophobic
pair_3103_binder,11.676612048585636,1.3340093663019024,1.0,0.6396021847232413,0.5178544680451265,0.6210972527920436,0.2692589875275128,0.5587398599011525,0.21186924268362273,0.1194261025515611,0.3257940190795664,0.11893698540800522,0.0,0.0,0.0,12.704899323387952,1.6040254537780403,1.0,0.9220246431268015,0.05730771182271126
