seq_id,mean_n_hydrophobic,std_n_hydrophobic,occ_n_hydrophobic_gt0,mean_n_polar,std_n_polar,occ_n_polar_gt0,mean_n_pos_charged,std_n_pos_charged,occ_n_pos_charged_gt0,mean_n_neg_charged,std_n_neg_charged,occ_n_neg_charged_gt0,mean_n_other,std_n_other,occ_n_other_gt0,mean_n_total,std_n_total,occ_n_total_gt0,mean_frac_hydrophobic,std_frac_hydrophobic
pair_3068_binder,11.218390804597702,1.6073304359172802,1.0,0.014428955734898509,0.11993248108477873,0.014347436210972528,1.6089508437270725,0.7753822755373475,0.9232901279856526,0.005217249531262737,0.07204186170964265,0.005217249531262737,0.0,0.0,0.0,12.846987853590935,1.8070222568626855,1.0,0.8748668399338059,0.05799553753826022
