seq_id,mean_n_hydrophobic,std_n_hydrophobic,occ_n_hydrophobic_gt0,mean_n_polar,std_n_polar,occ_n_polar_gt0,mean_n_pos_charged,std_n_pos_charged,occ_n_pos_charged_gt0,mean_n_neg_charged,std_n_neg_charged,occ_n_neg_charged_gt0,mean_n_other,std_n_other,occ_n_other_gt0,mean_n_total,std_n_total,occ_n_total_gt0,mean_frac_hydrophobic,std_frac_hydrophobic
pair_3073_binder,8.255563707507948,1.308206870250853,1.0,0.9495394146898182,0.22585848788461085,0.9480720632591506,0.9715496861498328,0.3264227207967347,0.9359256541941795,0.020298361457569088,0.14101892773563043,0.020298361457569088,0.0,0.0,0.0,10.196951169805168,1.3408982622900827,1.0,0.8070815390147746,0.04115038788856153
