seq_id,mean_n_hydrophobic,std_n_hydrophobic,occ_n_hydrophobic_gt0,mean_n_polar,std_n_polar,occ_n_polar_gt0,mean_n_pos_charged,std_n_pos_charged,occ_n_pos_charged_gt0,mean_n_neg_charged,std_n_neg_charged,occ_n_neg_charged_gt0,mean_n_other,std_n_other,occ_n_other_gt0,mean_n_total,std_n_total,occ_n_total_gt0,mean_frac_hydrophobic,std_frac_hydrophobic
pair_3088_binder,11.890926876987038,1.6281451972580392,1.0,0.17583761310833945,0.3943555312596475,0.17053884405315073,0.8579929893209424,0.8064822457643515,0.6245210727969349,0.04035216434336023,0.19678380821644523,0.04035216434336023,0.0,0.0,0.0,12.96510964375968,2.333194750584132,1.0,0.9248270501902821,0.06372829652832868
