seq_id,mean_n_hydrophobic,std_n_hydrophobic,occ_n_hydrophobic_gt0,mean_n_polar,std_n_polar,occ_n_polar_gt0,mean_n_pos_charged,std_n_pos_charged,occ_n_pos_charged_gt0,mean_n_neg_charged,std_n_neg_charged,occ_n_neg_charged_gt0,mean_n_other,std_n_other,occ_n_other_gt0,mean_n_total,std_n_total,occ_n_total_gt0,mean_frac_hydrophobic,std_frac_hydrophobic
pair_3078_binder,13.02836879432624,1.0534786212714669,1.0,0.025271052417053883,0.15694720872569984,0.025271052417053883,1.5467514469715498,0.7486809707653365,0.9210891008396511,0.0009782342871117633,0.03126143542435763,0.0009782342871117633,0.0,0.0,0.0,14.601369528001957,1.2999205784923928,1.0,0.894188143358982,0.04821544483084231
