seq_id,mean_n_hydrophobic,std_n_hydrophobic,occ_n_hydrophobic_gt0,mean_n_polar,std_n_polar,occ_n_polar_gt0,mean_n_pos_charged,std_n_pos_charged,occ_n_pos_charged_gt0,mean_n_neg_charged,std_n_neg_charged,occ_n_neg_charged_gt0,mean_n_other,std_n_other,occ_n_other_gt0,mean_n_total,std_n_total,occ_n_total_gt0,mean_frac_hydrophobic,std_frac_hydrophobic
pair_3066_binder,11.357626151463275,1.5855304310100164,1.0,0.053313768647591096,0.24043329194086344,0.04964539007092199,1.5500122279285888,0.5775667877600426,0.9569576913670824,0.1544794978397326,0.3614077788135123,0.1544794978397326,0.0,0.0,0.0,13.115431645879188,1.6337055886511733,1.0,0.8654406058450986,0.04688171920216142
