seq_id,mean_n_hydrophobic,std_n_hydrophobic,occ_n_hydrophobic_gt0,mean_n_polar,std_n_polar,occ_n_polar_gt0,mean_n_pos_charged,std_n_pos_charged,occ_n_pos_charged_gt0,mean_n_neg_charged,std_n_neg_charged,occ_n_neg_charged_gt0,mean_n_other,std_n_other,occ_n_other_gt0,mean_n_total,std_n_total,occ_n_total_gt0,mean_frac_hydrophobic,std_frac_hydrophobic
pair_1739_fail_gate,11.647183500448357,1.5513548064662104,1.0,1.3069210075813158,0.7993150653976255,0.8534278959810875,0.17942447216108257,0.3837073506603691,0.17942447216108257,0.00024455857177794083,0.01563645621241945,0.00024455857177794083,0.0,0.0,0.0,13.133773538762533,1.6327305005707908,1.0,0.8871819631634343,0.05065794656170972
