seq_id,mean_n_hydrophobic,std_n_hydrophobic,occ_n_hydrophobic_gt0,mean_n_polar,std_n_polar,occ_n_polar_gt0,mean_n_pos_charged,std_n_pos_charged,occ_n_pos_charged_gt0,mean_n_neg_charged,std_n_neg_charged,occ_n_neg_charged_gt0,mean_n_other,std_n_other,occ_n_other_gt0,mean_n_total,std_n_total,occ_n_total_gt0,mean_frac_hydrophobic,std_frac_hydrophobic
pair_0977_nb,12.992826281894514,1.704925723285665,1.0,1.2501018994049076,0.654740934333584,0.9022580908127497,1.2373848536724545,0.5602768145468003,0.9620934213744192,0.006847640009782343,0.0824666589360741,0.006847640009782343,0.0,0.0,0.0,15.487160674981657,1.7597329247008355,1.0,0.8384975789865788,0.04915568870214331
