seq_id,mean_n_hydrophobic,std_n_hydrophobic,occ_n_hydrophobic_gt0,mean_n_polar,std_n_polar,occ_n_polar_gt0,mean_n_pos_charged,std_n_pos_charged,occ_n_pos_charged_gt0,mean_n_neg_charged,std_n_neg_charged,occ_n_neg_charged_gt0,mean_n_other,std_n_other,occ_n_other_gt0,mean_n_total,std_n_total,occ_n_total_gt0,mean_frac_hydrophobic,std_frac_hydrophobic
pair_1939_nb,11.530284503138502,1.4964292519188926,1.0,0.34531670335045245,0.5482535203771829,0.3090405152033912,0.43213499633162145,0.5160071117747719,0.421700497269096,0.00016303904785196053,0.012767633536440342,0.00016303904785196053,0.0,0.0,0.0,12.307899241868428,1.5037266433237138,1.0,0.9380249539399627,0.06234869817408086
