seq_id,mean_n_hydrophobic,std_n_hydrophobic,occ_n_hydrophobic_gt0,mean_n_polar,std_n_polar,occ_n_polar_gt0,mean_n_pos_charged,std_n_pos_charged,occ_n_pos_charged_gt0,mean_n_neg_charged,std_n_neg_charged,occ_n_neg_charged_gt0,mean_n_other,std_n_other,occ_n_other_gt0,mean_n_total,std_n_total,occ_n_total_gt0,mean_frac_hydrophobic,std_frac_hydrophobic
pair_1671_nb,13.079970652971387,1.4964578374615707,1.0,1.9121219532077933,0.5571055835756465,0.9650281242357545,0.7143555881633651,0.6376097389902955,0.6181625499307084,0.0005706366674818619,0.0238811859269088,0.0005706366674818619,0.0,0.0,0.0,15.707018831010027,1.650398117500776,1.0,0.8328796977622606,0.04283030646268845
