seq_id,mean_n_hydrophobic,std_n_hydrophobic,occ_n_hydrophobic_gt0,mean_n_polar,std_n_polar,occ_n_polar_gt0,mean_n_pos_charged,std_n_pos_charged,occ_n_pos_charged_gt0,mean_n_neg_charged,std_n_neg_charged,occ_n_neg_charged_gt0,mean_n_other,std_n_other,occ_n_other_gt0,mean_n_total,std_n_total,occ_n_total_gt0,mean_frac_hydrophobic,std_frac_hydrophobic
pair_0891_nb,10.767343278715252,1.567013373786663,1.0,1.3866471019809243,0.6326058554602838,0.9740767913915382,0.9195402298850575,0.6562891376581536,0.7584576506073204,0.0027716638134833295,0.052573583606107324,0.0027716638134833295,0.0,0.0,0.0,13.076302274394717,1.6244991219378042,1.0,0.8236082142670705,0.06644868671061559
