seq_id,mean_n_hydrophobic,std_n_hydrophobic,occ_n_hydrophobic_gt0,mean_n_polar,std_n_polar,occ_n_polar_gt0,mean_n_pos_charged,std_n_pos_charged,occ_n_pos_charged_gt0,mean_n_neg_charged,std_n_neg_charged,occ_n_neg_charged_gt0,mean_n_other,std_n_other,occ_n_other_gt0,mean_n_total,std_n_total,occ_n_total_gt0,mean_frac_hydrophobic,std_frac_hydrophobic
pair_0263_fail_gate,8.69805168337817,0.9599285079097138,1.0,1.5349311160022825,0.5884531992863218,0.9553273008885628,0.8548952474117552,0.40796999375696597,0.8340262492867042,0.22295589793755605,0.41818292168730864,0.22214070269829625,0.0,0.0,0.0,11.310833944729763,1.154622530934462,1.0,0.7715315940004128,0.07188290113646596
