seq_id,mean_n_hydrophobic,std_n_hydrophobic,occ_n_hydrophobic_gt0,mean_n_polar,std_n_polar,occ_n_polar_gt0,mean_n_pos_charged,std_n_pos_charged,occ_n_pos_charged_gt0,mean_n_neg_charged,std_n_neg_charged,occ_n_neg_charged_gt0,mean_n_other,std_n_other,occ_n_other_gt0,mean_n_total,std_n_total,occ_n_total_gt0,mean_frac_hydrophobic,std_frac_hydrophobic
pair_1011_nb,8.897692997472895,1.243704443504131,1.0,0.0030977419091872504,0.0637681753805382,0.0026086247656313686,1.235509904622157,0.6179703315594905,0.8990788293796365,0.030814380044020543,0.17281450756959962,0.030814380044020543,0.0,0.0,0.0,10.16711502404826,1.394284709988176,1.0,0.8768471524218651,0.05992721340217314
