seq_id,mean_n_hydrophobic,std_n_hydrophobic,occ_n_hydrophobic_gt0,mean_n_polar,std_n_polar,occ_n_polar_gt0,mean_n_pos_charged,std_n_pos_charged,occ_n_pos_charged_gt0,mean_n_neg_charged,std_n_neg_charged,occ_n_neg_charged_gt0,mean_n_other,std_n_other,occ_n_other_gt0,mean_n_total,std_n_total,occ_n_total_gt0,mean_frac_hydrophobic,std_frac_hydrophobic
pair_1331_low_pkt,9.979131001874949,1.8872312000353562,1.0,2.1494252873563218,0.7991957851579641,0.9927447623705877,1.0402706448194343,0.21214957659983127,0.9968207385668868,0.0013858319067416647,0.03720095935144578,0.0013858319067416647,0.0,0.0,0.0,13.170212765957446,1.9023310098258086,1.0,0.7550126185972699,0.06206527647358458
