seq_id,mean_n_hydrophobic,std_n_hydrophobic,occ_n_hydrophobic_gt0,mean_n_polar,std_n_polar,occ_n_polar_gt0,mean_n_pos_charged,std_n_pos_charged,occ_n_pos_charged_gt0,mean_n_neg_charged,std_n_neg_charged,occ_n_neg_charged_gt0,mean_n_other,std_n_other,occ_n_other_gt0,mean_n_total,std_n_total,occ_n_total_gt0,mean_frac_hydrophobic,std_frac_hydrophobic
pair_3100_binder,8.004483573815929,1.105606240411075,1.0,0.8620689655172413,0.36969895918860574,0.8531833374093095,0.9940490747534034,0.43792696455749447,0.9015244150974159,0.033423004809651914,0.1797384420738811,0.033423004809651914,0.0,0.0,0.0,9.894024618896225,1.1699280830969498,1.0,0.8081160809517376,0.049293850991656986
