seq_id,mean_n_hydrophobic,std_n_hydrophobic,occ_n_hydrophobic_gt0,mean_n_polar,std_n_polar,occ_n_polar_gt0,mean_n_pos_charged,std_n_pos_charged,occ_n_pos_charged_gt0,mean_n_neg_charged,std_n_neg_charged,occ_n_neg_charged_gt0,mean_n_other,std_n_other,occ_n_other_gt0,mean_n_total,std_n_total,occ_n_total_gt0,mean_frac_hydrophobic,std_frac_hydrophobic
pair_1914_nb,10.119507622075487,1.4699179659460646,1.0,0.6437596804434662,0.715343823037837,0.5321594521887992,1.7948968778022336,0.6990170312824,0.991358930463846,0.004402054292002935,0.0662017840395045,0.004402054292002935,0.0,0.0,0.0,12.56256623461319,1.748020119698658,1.0,0.8067667318093781,0.05858320163864433
