seq_id,mean_n_hydrophobic,std_n_hydrophobic,occ_n_hydrophobic_gt0,mean_n_polar,std_n_polar,occ_n_polar_gt0,mean_n_pos_charged,std_n_pos_charged,occ_n_pos_charged_gt0,mean_n_neg_charged,std_n_neg_charged,occ_n_neg_charged_gt0,mean_n_other,std_n_other,occ_n_other_gt0,mean_n_total,std_n_total,occ_n_total_gt0,mean_frac_hydrophobic,std_frac_hydrophobic
pair_0393_low_pkt,7.477867449254096,1.1496325190564038,0.999673921904296,1.4321349963316214,0.5845942341125164,0.9786418847313931,0.13320290209505176,0.3997580643142063,0.1111111111111111,0.16466943833048014,0.38085851784041086,0.16091954022988506,0.0,0.0,0.0,9.20787478601125,1.3601461307513039,0.999673921904296,0.8152217052803994,0.08239482916026239
