seq_id,mean_n_hydrophobic,std_n_hydrophobic,occ_n_hydrophobic_gt0,mean_n_polar,std_n_polar,occ_n_polar_gt0,mean_n_pos_charged,std_n_pos_charged,occ_n_pos_charged_gt0,mean_n_neg_charged,std_n_neg_charged,occ_n_neg_charged_gt0,mean_n_other,std_n_other,occ_n_other_gt0,mean_n_total,std_n_total,occ_n_total_gt0,mean_frac_hydrophobic,std_frac_hydrophobic
pair_0276_nb,12.61465721040189,1.7834480009570945,1.0,0.5853101817885383,0.6145880770928036,0.5231107850330154,0.6518301133121382,0.8467839125388582,0.43947175348495965,0.4569984511290454,0.4981474347968671,0.4569984511290454,0.0,0.0,0.0,14.308795956631613,1.9181991898873298,1.0,0.8826547729979558,0.0581919415946255
