seq_id,mean_n_hydrophobic,std_n_hydrophobic,occ_n_hydrophobic_gt0,mean_n_polar,std_n_polar,occ_n_polar_gt0,mean_n_pos_charged,std_n_pos_charged,occ_n_pos_charged_gt0,mean_n_neg_charged,std_n_neg_charged,occ_n_neg_charged_gt0,mean_n_other,std_n_other,occ_n_other_gt0,mean_n_total,std_n_total,occ_n_total_gt0,mean_frac_hydrophobic,std_frac_hydrophobic
pair_0948_low_pkt,10.288089997554414,1.5396154537368738,1.0,0.12659982065704736,0.33642373702264555,0.12529550827423167,1.2140702698296242,0.457169499603469,0.9797831580663569,1.235591424146083,0.5218890745159483,0.9541045080296731,0.0,0.0,0.0,12.864351512187168,2.0273318074408633,1.0,0.8025075585403472,0.0550763301724701
