seq_id,mean_n_hydrophobic,std_n_hydrophobic,occ_n_hydrophobic_gt0,mean_n_polar,std_n_polar,occ_n_polar_gt0,mean_n_pos_charged,std_n_pos_charged,occ_n_pos_charged_gt0,mean_n_neg_charged,std_n_neg_charged,occ_n_neg_charged_gt0,mean_n_other,std_n_other,occ_n_other_gt0,mean_n_total,std_n_total,occ_n_total_gt0,mean_frac_hydrophobic,std_frac_hydrophobic
pair_0876_nb,12.488709545936251,1.4474064495461088,1.0,0.5922393413222466,0.6394786986729124,0.5135730007336757,0.9029102470041575,0.37110149629124467,0.8778837531588816,8.151952392598027e-05,0.00902844828822756,8.151952392598027e-05,0.0,0.0,0.0,13.983940653786583,1.4647243722471897,1.0,0.8937278654982348,0.05587094857833234
