seq_id,mean_n_hydrophobic,std_n_hydrophobic,occ_n_hydrophobic_gt0,mean_n_polar,std_n_polar,occ_n_polar_gt0,mean_n_pos_charged,std_n_pos_charged,occ_n_pos_charged_gt0,mean_n_neg_charged,std_n_neg_charged,occ_n_neg_charged_gt0,mean_n_other,std_n_other,occ_n_other_gt0,mean_n_total,std_n_total,occ_n_total_gt0,mean_frac_hydrophobic,std_frac_hydrophobic
pair_0269_nb,10.871769788864434,1.069268572364796,1.0,0.6235428385098231,0.5616417859629536,0.5839243498817966,1.7496535420233146,0.4760666354533068,0.9949457895165892,0.0016303904785196055,0.040345164585203486,0.0016303904785196055,0.0,0.0,0.0,13.24659655987609,1.3724111271101795,1.0,0.8224483224127177,0.04643001274632777
