seq_id,mean_n_hydrophobic,std_n_hydrophobic,occ_n_hydrophobic_gt0,mean_n_polar,std_n_polar,occ_n_polar_gt0,mean_n_pos_charged,std_n_pos_charged,occ_n_pos_charged_gt0,mean_n_neg_charged,std_n_neg_charged,occ_n_neg_charged_gt0,mean_n_other,std_n_other,occ_n_other_gt0,mean_n_total,std_n_total,occ_n_total_gt0,mean_frac_hydrophobic,std_frac_hydrophobic
pair_0065_low_pkt,9.993478438085921,1.2060646144238678,1.0,1.1662998288089998,0.9493897311423631,0.6205266161245618,1.590527431319801,0.749458068249442,0.9502730904051521,0.33121382571125785,0.47116912516900583,0.3309692671394799,0.0,0.0,0.0,13.08151952392598,1.4882622864433865,1.0,0.7661334917515417,0.0653380034856732
