seq_id,mean_n_hydrophobic,std_n_hydrophobic,occ_n_hydrophobic_gt0,mean_n_polar,std_n_polar,occ_n_polar_gt0,mean_n_pos_charged,std_n_pos_charged,occ_n_pos_charged_gt0,mean_n_neg_charged,std_n_neg_charged,occ_n_neg_charged_gt0,mean_n_other,std_n_other,occ_n_other_gt0,mean_n_total,std_n_total,occ_n_total_gt0,mean_frac_hydrophobic,std_frac_hydrophobic
pair_3076_binder,9.03448275862069,1.2571281649242652,1.0,0.8190266568843237,0.5709067825449693,0.7337572348577485,0.9743213499633162,0.5910193932067939,0.8121790168745414,0.049319311975218064,0.2165338713492861,0.049319311975218064,0.0,0.0,0.0,10.877150077443547,1.4054206036559596,1.0,0.83141937553972,0.05726438547193864
