seq_id,mean_n_hydrophobic,std_n_hydrophobic,occ_n_hydrophobic_gt0,mean_n_polar,std_n_polar,occ_n_polar_gt0,mean_n_pos_charged,std_n_pos_charged,occ_n_pos_charged_gt0,mean_n_neg_charged,std_n_neg_charged,occ_n_neg_charged_gt0,mean_n_other,std_n_other,occ_n_other_gt0,mean_n_total,std_n_total,occ_n_total_gt0,mean_frac_hydrophobic,std_frac_hydrophobic
pair_3062_binder,12.561424961278226,1.1784063740622994,1.0,0.05959077198989158,0.23672708312219015,0.05959077198989158,0.8599494578951659,0.8392134520602295,0.595337083231434,0.07255237629412244,0.25940032572878263,0.07255237629412244,0.0,0.0,0.0,13.553517567457407,1.6509559277639565,1.0,0.9320134802679529,0.06846927752092856
