seq_id,mean_n_hydrophobic,std_n_hydrophobic,occ_n_hydrophobic_gt0,mean_n_polar,std_n_polar,occ_n_polar_gt0,mean_n_pos_charged,std_n_pos_charged,occ_n_pos_charged_gt0,mean_n_neg_charged,std_n_neg_charged,occ_n_neg_charged_gt0,mean_n_other,std_n_other,occ_n_other_gt0,mean_n_total,std_n_total,occ_n_total_gt0,mean_frac_hydrophobic,std_frac_hydrophobic
pair_3079_binder,11.046955245781364,1.3990573687402261,1.0,1.5890600798891334,0.6865138042676183,0.8853835493600717,1.2238526127007419,0.6250980668493168,0.8989157903317845,0.37221814624602595,0.48942946741473237,0.36928344338469066,0.0,0.0,0.0,14.232086084617265,1.618608944302253,1.0,0.7762797165884207,0.04518252971107875
