seq_id,mean_n_hydrophobic,std_n_hydrophobic,occ_n_hydrophobic_gt0,mean_n_polar,std_n_polar,occ_n_polar_gt0,mean_n_pos_charged,std_n_pos_charged,occ_n_pos_charged_gt0,mean_n_neg_charged,std_n_neg_charged,occ_n_neg_charged_gt0,mean_n_other,std_n_other,occ_n_other_gt0,mean_n_total,std_n_total,occ_n_total_gt0,mean_frac_hydrophobic,std_frac_hydrophobic
pair_0867_nb,11.536561506480803,1.7975815969372908,1.0,0.7679139153827341,0.8746425939568111,0.5143881959729355,1.317844623787397,0.5367191843302713,0.9947827504687372,0.0004891171435558817,0.022110583619067165,0.0004891171435558817,0.0,0.0,0.0,13.62280916279449,1.8094553878286452,1.0,0.8464009348829171,0.06369752025436116
