seq_id,mean_n_hydrophobic,std_n_hydrophobic,occ_n_hydrophobic_gt0,mean_n_polar,std_n_polar,occ_n_polar_gt0,mean_n_pos_charged,std_n_pos_charged,occ_n_pos_charged_gt0,mean_n_neg_charged,std_n_neg_charged,occ_n_neg_charged_gt0,mean_n_other,std_n_other,occ_n_other_gt0,mean_n_total,std_n_total,occ_n_total_gt0,mean_frac_hydrophobic,std_frac_hydrophobic
pair_0506_nb,11.953126273742562,1.3893833911127471,1.0,0.13532240971712725,0.3453879005052213,0.13418113638216353,0.5459362517322899,0.5534056739027795,0.5167522621667889,1.9803537947338388,0.5709086449637445,0.9910328523681422,0.0,0.0,0.0,14.614738729925817,1.6670641550374212,1.0,0.8197413939924524,0.058254093139028525
