seq_id,mean_n_hydrophobic,std_n_hydrophobic,occ_n_hydrophobic_gt0,mean_n_polar,std_n_polar,occ_n_polar_gt0,mean_n_pos_charged,std_n_pos_charged,occ_n_pos_charged_gt0,mean_n_neg_charged,std_n_neg_charged,occ_n_neg_charged_gt0,mean_n_other,std_n_other,occ_n_other_gt0,mean_n_total,std_n_total,occ_n_total_gt0,mean_frac_hydrophobic,std_frac_hydrophobic
pair_0008_low_pkt,9.301051601858646,1.0387148515277824,1.0,0.8894595255563708,0.7028634626228019,0.7265835167522622,0.9785603652074671,0.27376249138896763,0.9515774027879678,0.9033178446237874,0.31579373623422535,0.8971223608054129,0.0,0.0,0.0,12.072389337246271,1.1935029092829592,1.0,0.7711347628284029,0.051782166111633166
