seq_id,mean_n_hydrophobic,std_n_hydrophobic,occ_n_hydrophobic_gt0,mean_n_polar,std_n_polar,occ_n_polar_gt0,mean_n_pos_charged,std_n_pos_charged,occ_n_pos_charged_gt0,mean_n_neg_charged,std_n_neg_charged,occ_n_neg_charged_gt0,mean_n_other,std_n_other,occ_n_other_gt0,mean_n_total,std_n_total,occ_n_total_gt0,mean_frac_hydrophobic,std_frac_hydrophobic
pair_0883_nb,10.849514958832641,1.1602013011120385,1.0,3.132550745903644,0.8515122798445527,0.999918480476074,0.905111274150159,0.8378600225508994,0.5974565908535094,0.006521561914078422,0.08049242911155848,0.006521561914078422,0.0,0.0,0.0,14.893698540800521,1.4094032258733247,1.0,0.7307983054349315,0.0688939729579687
