seq_id,mean_n_hydrophobic,std_n_hydrophobic,occ_n_hydrophobic_gt0,mean_n_polar,std_n_polar,occ_n_polar_gt0,mean_n_pos_charged,std_n_pos_charged,occ_n_pos_charged_gt0,mean_n_neg_charged,std_n_neg_charged,occ_n_neg_charged_gt0,mean_n_other,std_n_other,occ_n_other_gt0,mean_n_total,std_n_total,occ_n_total_gt0,mean_frac_hydrophobic,std_frac_hydrophobic
pair_1658_nb,11.875193608869324,1.9511002849926056,1.0,1.0311404581397245,1.0908851985545591,0.6063422189614412,1.1482840140213582,1.2004343993260447,0.5356647917176164,0.3619466862313524,0.5411987811712443,0.3309692671394799,0.0,0.0,0.0,14.41656476726176,1.7181188381477692,1.0,0.8348878846732051,0.16005892320790097
