seq_id,mean_n_hydrophobic,std_n_hydrophobic,occ_n_hydrophobic_gt0,mean_n_polar,std_n_polar,occ_n_polar_gt0,mean_n_pos_charged,std_n_pos_charged,occ_n_pos_charged_gt0,mean_n_neg_charged,std_n_neg_charged,occ_n_neg_charged_gt0,mean_n_other,std_n_other,occ_n_other_gt0,mean_n_total,std_n_total,occ_n_total_gt0,mean_frac_hydrophobic,std_frac_hydrophobic
pair_0091_nb,11.380940735306107,1.354468823829797,1.0,0.1054047444362925,0.3172587384972064,0.10222548300317927,1.7459036439227196,0.5229689355490325,0.9733431156762045,0.058694057226705794,0.2350511962806698,0.058694057226705794,0.0,0.0,0.0,13.290943180891823,1.4028881628528544,1.0,0.8564664731674859,0.050587757664897016
