seq_id,mean_n_hydrophobic,std_n_hydrophobic,occ_n_hydrophobic_gt0,mean_n_polar,std_n_polar,occ_n_polar_gt0,mean_n_pos_charged,std_n_pos_charged,occ_n_pos_charged_gt0,mean_n_neg_charged,std_n_neg_charged,occ_n_neg_charged_gt0,mean_n_other,std_n_other,occ_n_other_gt0,mean_n_total,std_n_total,occ_n_total_gt0,mean_frac_hydrophobic,std_frac_hydrophobic
pair_0782_nb,11.485367245455286,1.1079400039996035,1.0,0.016956060976603897,0.14289314564861635,0.01508111192630635,1.9906252547485124,0.09721058816203819,0.999918480476074,1.9433439308714437,0.23398818633057572,0.9993478438085922,0.0,0.0,0.0,15.436292492051846,1.153675091559939,1.0,0.7429864087425396,0.024115335996938696
