seq_id,mean_n_hydrophobic,std_n_hydrophobic,occ_n_hydrophobic_gt0,mean_n_polar,std_n_polar,occ_n_polar_gt0,mean_n_pos_charged,std_n_pos_charged,occ_n_pos_charged_gt0,mean_n_neg_charged,std_n_neg_charged,occ_n_neg_charged_gt0,mean_n_other,std_n_other,occ_n_other_gt0,mean_n_total,std_n_total,occ_n_total_gt0,mean_frac_hydrophobic,std_frac_hydrophobic
pair_3067_binder,10.58506562321676,1.2753337754746141,1.0,0.9716312056737588,0.16602411220878902,0.9716312056737588,1.430015488709546,0.6645029878345535,0.9663324366185702,0.015407190022010272,0.12316577656815199,0.015407190022010272,0.0,0.0,0.0,13.002119507622076,1.3731504273368462,1.0,0.8142434148449209,0.05046786209270278
