seq_id,mean_n_hydrophobic,std_n_hydrophobic,occ_n_hydrophobic_gt0,mean_n_polar,std_n_polar,occ_n_polar_gt0,mean_n_pos_charged,std_n_pos_charged,occ_n_pos_charged_gt0,mean_n_neg_charged,std_n_neg_charged,occ_n_neg_charged_gt0,mean_n_other,std_n_other,occ_n_other_gt0,mean_n_total,std_n_total,occ_n_total_gt0,mean_frac_hydrophobic,std_frac_hydrophobic
pair_1961_nb,12.976440857585391,1.4105829091058406,1.0,1.111192630635037,0.6782037455806257,0.8284829216597375,1.0335045243335779,0.28224686899915674,0.9763593380614657,0.0019564685742235266,0.044188695442857355,0.0019564685742235266,0.0,0.0,0.0,15.12309448112823,1.576611462509706,1.0,0.8586441697439396,0.04335354992993402
