seq_id,mean_n_hydrophobic,std_n_hydrophobic,occ_n_hydrophobic_gt0,mean_n_polar,std_n_polar,occ_n_polar_gt0,mean_n_pos_charged,std_n_pos_charged,occ_n_pos_charged_gt0,mean_n_neg_charged,std_n_neg_charged,occ_n_neg_charged_gt0,mean_n_other,std_n_other,occ_n_other_gt0,mean_n_total,std_n_total,occ_n_total_gt0,mean_frac_hydrophobic,std_frac_hydrophobic
pair_0932_nb,10.975381103774353,1.3409103944154732,1.0,0.2036357707670987,0.4083299364129983,0.20135322409717127,1.289475829461156,0.6818443075244882,0.9039700008151952,0.007907393820820086,0.08857125348431366,0.007907393820820086,0.0,0.0,0.0,12.47640009782343,1.4859993827423719,1.0,0.8812900982538318,0.05729498790665243
