seq_id,mean_n_hydrophobic,std_n_hydrophobic,occ_n_hydrophobic_gt0,mean_n_polar,std_n_polar,occ_n_polar_gt0,mean_n_pos_charged,std_n_pos_charged,occ_n_pos_charged_gt0,mean_n_neg_charged,std_n_neg_charged,occ_n_neg_charged_gt0,mean_n_other,std_n_other,occ_n_other_gt0,mean_n_total,std_n_total,occ_n_total_gt0,mean_frac_hydrophobic,std_frac_hydrophobic
pair_0684_nb,12.617021276595745,1.0048697745646464,1.0,2.016059346213418,0.37071360011493815,0.9969022580908128,0.549441591261107,0.5117645603835246,0.5422678731556207,0.001467351430667645,0.03827790890901125,0.001467351430667645,0.0,0.0,0.0,15.183989565500937,1.2327470978445587,1.0,0.8318783073013255,0.0372469866144659
