seq_id,mean_n_hydrophobic,std_n_hydrophobic,occ_n_hydrophobic_gt0,mean_n_polar,std_n_polar,occ_n_polar_gt0,mean_n_pos_charged,std_n_pos_charged,occ_n_pos_charged_gt0,mean_n_neg_charged,std_n_neg_charged,occ_n_neg_charged_gt0,mean_n_other,std_n_other,occ_n_other_gt0,mean_n_total,std_n_total,occ_n_total_gt0,mean_frac_hydrophobic,std_frac_hydrophobic
pair_0351_nb,11.556778348414445,1.4006951854539778,1.0,1.3608869324203146,0.6213081095812997,0.9453003994456672,1.0616287600880412,0.270775489223061,0.9922556452270319,0.013369201923860765,0.11484975561044873,0.013369201923860765,0.0,0.0,0.0,13.992663242846662,1.5218669080374356,1.0,0.8257697469582487,0.04205831797056877
