seq_id,mean_n_hydrophobic,std_n_hydrophobic,occ_n_hydrophobic_gt0,mean_n_polar,std_n_polar,occ_n_polar_gt0,mean_n_pos_charged,std_n_pos_charged,occ_n_pos_charged_gt0,mean_n_neg_charged,std_n_neg_charged,occ_n_neg_charged_gt0,mean_n_other,std_n_other,occ_n_other_gt0,mean_n_total,std_n_total,occ_n_total_gt0,mean_frac_hydrophobic,std_frac_hydrophobic
pair_0908_nb,11.767750876334881,1.6691183300072405,1.0,1.776962582538518,0.6043084371373215,0.946523192304557,0.03464579766854162,0.1828810169822229,0.03464579766854162,0.23901524415097417,0.4264820713868572,0.23901524415097417,0.0,0.0,0.0,13.818374500692917,1.871935982118442,1.0,0.8531016825117248,0.058480475072868465
