seq_id,mean_n_hydrophobic,std_n_hydrophobic,occ_n_hydrophobic_gt0,mean_n_polar,std_n_polar,occ_n_polar_gt0,mean_n_pos_charged,std_n_pos_charged,occ_n_pos_charged_gt0,mean_n_neg_charged,std_n_neg_charged,occ_n_neg_charged_gt0,mean_n_other,std_n_other,occ_n_other_gt0,mean_n_total,std_n_total,occ_n_total_gt0,mean_frac_hydrophobic,std_frac_hydrophobic
pair_3101_binder,9.108339447297627,1.438248690326654,1.0,0.9681258661449417,0.3873496062032738,0.9085350941550502,0.7458221243987935,0.61019526038647,0.6659329909513328,0.0046466128637808754,0.06800751320754951,0.0046466128637808754,0.0,0.0,0.0,10.826934050705145,1.5018691918763696,1.0,0.8403464706301945,0.05215229111172459
