seq_id,mean_n_hydrophobic,std_n_hydrophobic,occ_n_hydrophobic_gt0,mean_n_polar,std_n_polar,occ_n_polar_gt0,mean_n_pos_charged,std_n_pos_charged,occ_n_pos_charged_gt0,mean_n_neg_charged,std_n_neg_charged,occ_n_neg_charged_gt0,mean_n_other,std_n_other,occ_n_other_gt0,mean_n_total,std_n_total,occ_n_total_gt0,mean_frac_hydrophobic,std_frac_hydrophobic
pair_0940_nb,8.595663161327138,1.7629209330090854,1.0,1.7623705877557676,0.6807218716277866,0.9941305942773294,1.0388032933887665,0.23536127999847287,0.991358930463846,0.15888155213173555,0.36578852301814785,0.15880003260780956,0.0,0.0,0.0,11.555718594603407,2.334934054933728,1.0,0.744768512427856,0.05456074330981111
