seq_id,mean_n_hydrophobic,std_n_hydrophobic,occ_n_hydrophobic_gt0,mean_n_polar,std_n_polar,occ_n_polar_gt0,mean_n_pos_charged,std_n_pos_charged,occ_n_pos_charged_gt0,mean_n_neg_charged,std_n_neg_charged,occ_n_neg_charged_gt0,mean_n_other,std_n_other,occ_n_other_gt0,mean_n_total,std_n_total,occ_n_total_gt0,mean_frac_hydrophobic,std_frac_hydrophobic
pair_1094_fail_gate,8.213499633162142,1.5951096204624777,1.0,0.3123828156843564,0.5322369700117544,0.27855221325507457,1.8367979131001875,0.4368743167846577,0.9775821309203554,0.15146327545447136,0.3591813870269869,0.1512187168826934,0.0,0.0,0.0,10.514143637401158,1.7098655918794368,1.0,0.7801231912034928,0.07279799020178006
