seq_id,mean_n_hydrophobic,std_n_hydrophobic,occ_n_hydrophobic_gt0,mean_n_polar,std_n_polar,occ_n_polar_gt0,mean_n_pos_charged,std_n_pos_charged,occ_n_pos_charged_gt0,mean_n_neg_charged,std_n_neg_charged,occ_n_neg_charged_gt0,mean_n_other,std_n_other,occ_n_other_gt0,mean_n_total,std_n_total,occ_n_total_gt0,mean_frac_hydrophobic,std_frac_hydrophobic
pair_1654_nb,10.45202576016956,1.2029865948378498,1.0,1.028776391945871,0.21722550232184984,0.9908698133202902,2.135159370669275,0.8278939998872725,0.991766528083476,0.6144126518301133,0.48673375175880423,0.6144126518301133,0.0,0.0,0.0,14.23037417461482,1.5697931833540402,1.0,0.7373689242634525,0.06978017222821667
