seq_id,mean_n_hydrophobic,std_n_hydrophobic,occ_n_hydrophobic_gt0,mean_n_polar,std_n_polar,occ_n_polar_gt0,mean_n_pos_charged,std_n_pos_charged,occ_n_pos_charged_gt0,mean_n_neg_charged,std_n_neg_charged,occ_n_neg_charged_gt0,mean_n_other,std_n_other,occ_n_other_gt0,mean_n_total,std_n_total,occ_n_total_gt0,mean_frac_hydrophobic,std_frac_hydrophobic
pair_0549_nb,11.932990951332844,1.4700875688251753,1.0,1.9580174451781203,0.5613411214145221,0.9938045161816255,1.4820249449743212,0.8227023780012797,0.8112823021113557,0.9055188717697888,0.2924969138957837,0.9055188717697888,0.0,0.0,0.0,16.278552213255075,1.734359871714339,1.0,0.732764869436503,0.0429962250356714
