seq_id,mean_n_hydrophobic,std_n_hydrophobic,occ_n_hydrophobic_gt0,mean_n_polar,std_n_polar,occ_n_polar_gt0,mean_n_pos_charged,std_n_pos_charged,occ_n_pos_charged_gt0,mean_n_neg_charged,std_n_neg_charged,occ_n_neg_charged_gt0,mean_n_other,std_n_other,occ_n_other_gt0,mean_n_total,std_n_total,occ_n_total_gt0,mean_frac_hydrophobic,std_frac_hydrophobic
pair_1679_nb,11.903236325099861,1.3052227961066432,1.0,1.9457895165892232,1.041525914815721,0.900872258906008,0.2847476970734491,0.45129419017401096,0.2847476970734491,0.33088774761555395,0.4715710767006085,0.330398630471998,0.0,0.0,0.0,14.464661286378087,1.7222909234261286,1.0,0.8268466501944224,0.06984521099556873
