seq_id,mean_n_hydrophobic,std_n_hydrophobic,occ_n_hydrophobic_gt0,mean_n_polar,std_n_polar,occ_n_polar_gt0,mean_n_pos_charged,std_n_pos_charged,occ_n_pos_charged_gt0,mean_n_neg_charged,std_n_neg_charged,occ_n_neg_charged_gt0,mean_n_other,std_n_other,occ_n_other_gt0,mean_n_total,std_n_total,occ_n_total_gt0,mean_frac_hydrophobic,std_frac_hydrophobic
pair_0540_fail_gate,10.82864596070759,1.2179138225624442,1.0,1.558164180321187,0.959659538609018,0.8176408249775822,0.2523844460748349,0.4345682644903855,0.25230292655090897,0.945952555637075,0.22611129587166018,0.945952555637075,0.0,0.0,0.0,13.585147142740686,1.4763650810569817,1.0,0.7990433505847888,0.06039745507716159
