seq_id,mean_n_hydrophobic,std_n_hydrophobic,occ_n_hydrophobic_gt0,mean_n_polar,std_n_polar,occ_n_polar_gt0,mean_n_pos_charged,std_n_pos_charged,occ_n_pos_charged_gt0,mean_n_neg_charged,std_n_neg_charged,occ_n_neg_charged_gt0,mean_n_other,std_n_other,occ_n_other_gt0,mean_n_total,std_n_total,occ_n_total_gt0,mean_frac_hydrophobic,std_frac_hydrophobic
pair_3104_binder,10.817396266405805,2.0056366245884827,1.0,0.880573897448439,0.46932832469859437,0.8231026330806228,1.2059998369609521,0.7338621901914028,0.8282383630879596,0.42382000489117144,0.5007176552302678,0.4205592239341322,0.0,0.0,0.0,13.327790005706367,2.275601275057541,1.0,0.811689778826104,0.06538923579309983
