seq_id,mean_n_hydrophobic,std_n_hydrophobic,occ_n_hydrophobic_gt0,mean_n_polar,std_n_polar,occ_n_polar_gt0,mean_n_pos_charged,std_n_pos_charged,occ_n_pos_charged_gt0,mean_n_neg_charged,std_n_neg_charged,occ_n_neg_charged_gt0,mean_n_other,std_n_other,occ_n_other_gt0,mean_n_total,std_n_total,occ_n_total_gt0,mean_frac_hydrophobic,std_frac_hydrophobic
pair_0715_fail_gate,8.869242683622728,1.2852755568648826,1.0,2.499959240238037,0.648363943587196,0.9991848047607402,1.074345805820494,0.6217568747033413,0.8438085921578218,0.11437189206815032,0.31826241118438997,0.11437189206815032,0.0,0.0,0.0,12.55791962174941,1.5764943651886854,1.0,0.707405998841234,0.06645195788974818
