seq_id,mean_n_hydrophobic,std_n_hydrophobic,occ_n_hydrophobic_gt0,mean_n_polar,std_n_polar,occ_n_polar_gt0,mean_n_pos_charged,std_n_pos_charged,occ_n_pos_charged_gt0,mean_n_neg_charged,std_n_neg_charged,occ_n_neg_charged_gt0,mean_n_other,std_n_other,occ_n_other_gt0,mean_n_total,std_n_total,occ_n_total_gt0,mean_frac_hydrophobic,std_frac_hydrophobic
pair_0246_nb,10.48104671068721,1.2574500692398038,1.0,0.6658514714274069,0.9437305269634433,0.41640172821390725,1.9814950680688024,0.7019751902471173,0.9855710442651014,0.0009782342871117633,0.03126143542435763,0.0009782342871117633,0.0,0.0,0.0,13.12937148447053,1.738315343744901,1.0,0.8027361881667627,0.07290848427444156
