seq_id,mean_n_hydrophobic,std_n_hydrophobic,occ_n_hydrophobic_gt0,mean_n_polar,std_n_polar,occ_n_polar_gt0,mean_n_pos_charged,std_n_pos_charged,occ_n_pos_charged_gt0,mean_n_neg_charged,std_n_neg_charged,occ_n_neg_charged_gt0,mean_n_other,std_n_other,occ_n_other_gt0,mean_n_total,std_n_total,occ_n_total_gt0,mean_frac_hydrophobic,std_frac_hydrophobic
pair_3063_binder,10.826037335941958,1.6486125021079017,1.0,0.5602021684193365,0.6315197610995186,0.4914812097497351,0.9183989565500937,0.36444639543455326,0.8894595255563708,0.45349311160022826,0.49783241088881625,0.45349311160022826,0.0,0.0,0.0,12.758131572511617,1.746122102351018,1.0,0.8488726897280637,0.06333151321808439
