seq_id,mean_n_hydrophobic,std_n_hydrophobic,occ_n_hydrophobic_gt0,mean_n_polar,std_n_polar,occ_n_polar_gt0,mean_n_pos_charged,std_n_pos_charged,occ_n_pos_charged_gt0,mean_n_neg_charged,std_n_neg_charged,occ_n_neg_charged_gt0,mean_n_other,std_n_other,occ_n_other_gt0,mean_n_total,std_n_total,occ_n_total_gt0,mean_frac_hydrophobic,std_frac_hydrophobic
pair_3099_binder,9.039047851960545,1.2220060456020534,1.0,0.052172495312627375,0.25674397729748066,0.043939023396103366,2.1727398711991524,0.742065675513297,0.991766528083476,0.0038314176245210726,0.061779752860525276,0.0038314176245210726,0.0,0.0,0.0,11.267791636096845,1.441144590856045,1.0,0.8037121574294478,0.061585773591795887
