seq_id,mean_n_hydrophobic,std_n_hydrophobic,occ_n_hydrophobic_gt0,mean_n_polar,std_n_polar,occ_n_polar_gt0,mean_n_pos_charged,std_n_pos_charged,occ_n_pos_charged_gt0,mean_n_neg_charged,std_n_neg_charged,occ_n_neg_charged_gt0,mean_n_other,std_n_other,occ_n_other_gt0,mean_n_total,std_n_total,occ_n_total_gt0,mean_frac_hydrophobic,std_frac_hydrophobic
pair_3061_binder,11.073449091057308,1.43705240656659,1.0,2.000570636667482,0.9779085895672808,0.9964131409472569,1.0459770114942528,0.2412686513397104,0.9928262818945137,0.004728132387706856,0.06859866727445346,0.004728132387706856,0.0,0.0,0.0,14.12472487160675,1.86827069543234,1.0,0.7862985122842518,0.05617834705235878
