seq_id,mean_n_hydrophobic,std_n_hydrophobic,occ_n_hydrophobic_gt0,mean_n_polar,std_n_polar,occ_n_polar_gt0,mean_n_pos_charged,std_n_pos_charged,occ_n_pos_charged_gt0,mean_n_neg_charged,std_n_neg_charged,occ_n_neg_charged_gt0,mean_n_other,std_n_other,occ_n_other_gt0,mean_n_total,std_n_total,occ_n_total_gt0,mean_frac_hydrophobic,std_frac_hydrophobic
pair_3074_binder,10.743131980109236,1.148102267699449,1.0,0.9554088204124888,0.2912557633492654,0.9342952637156599,0.26542756990299177,0.4624805991489931,0.25597130512757804,0.007825874296894107,0.09174304431285872,0.007499796201190185,0.0,0.0,0.0,11.971794244721611,1.203586960204,1.0,0.8975055271057456,0.03776930594289476
