seq_id,mean_n_hydrophobic,std_n_hydrophobic,occ_n_hydrophobic_gt0,mean_n_polar,std_n_polar,occ_n_polar_gt0,mean_n_pos_charged,std_n_pos_charged,occ_n_pos_charged_gt0,mean_n_neg_charged,std_n_neg_charged,occ_n_neg_charged_gt0,mean_n_other,std_n_other,occ_n_other_gt0,mean_n_total,std_n_total,occ_n_total_gt0,mean_frac_hydrophobic,std_frac_hydrophobic
pair_0765_nb,11.097171272519768,1.205209063144407,1.0,1.9245129208445422,0.6699660933896906,0.9981250509497025,1.413874622972202,0.5710152466721211,0.9604630308958996,0.01760821716801174,0.13152249942947355,0.01760821716801174,0.0,0.0,0.0,14.453167033504524,1.4537752569841111,1.0,0.7691047397150742,0.05668377922605151
