seq_id,mean_n_hydrophobic,std_n_hydrophobic,occ_n_hydrophobic_gt0,mean_n_polar,std_n_polar,occ_n_polar_gt0,mean_n_pos_charged,std_n_pos_charged,occ_n_pos_charged_gt0,mean_n_neg_charged,std_n_neg_charged,occ_n_neg_charged_gt0,mean_n_other,std_n_other,occ_n_other_gt0,mean_n_total,std_n_total,occ_n_total_gt0,mean_frac_hydrophobic,std_frac_hydrophobic
pair_0341_nb,10.24480313034972,1.0846557272961415,1.0,0.0028531833374093097,0.054845981895708634,0.0027716638134833295,1.1790983940653788,0.40755088996008876,0.9905437352245863,8.151952392598027e-05,0.009028448288227558,8.151952392598027e-05,0.0,0.0,0.0,11.426836227276432,1.1472313127019933,1.0,0.8966327593314631,0.03319878739511941
