seq_id,mean_n_hydrophobic,std_n_hydrophobic,occ_n_hydrophobic_gt0,mean_n_polar,std_n_polar,occ_n_polar_gt0,mean_n_pos_charged,std_n_pos_charged,occ_n_pos_charged_gt0,mean_n_neg_charged,std_n_neg_charged,occ_n_neg_charged_gt0,mean_n_other,std_n_other,occ_n_other_gt0,mean_n_total,std_n_total,occ_n_total_gt0,mean_frac_hydrophobic,std_frac_hydrophobic
pair_0584_nb,7.629412244232494,1.4206350576154219,1.0,0.8361457569087797,0.7705052907966078,0.6093584413467026,1.693894187657944,0.46998199378355754,0.9957609847558491,0.3065949294856118,0.49468492106204404,0.2905355832721937,0.0,0.0,0.0,10.466047118284829,1.4146921669338384,1.0,0.7300268190094552,0.10114372227572116
