seq_id,mean_n_hydrophobic,std_n_hydrophobic,occ_n_hydrophobic_gt0,mean_n_polar,std_n_polar,occ_n_polar_gt0,mean_n_pos_charged,std_n_pos_charged,occ_n_pos_charged_gt0,mean_n_neg_charged,std_n_neg_charged,occ_n_neg_charged_gt0,mean_n_other,std_n_other,occ_n_other_gt0,mean_n_total,std_n_total,occ_n_total_gt0,mean_frac_hydrophobic,std_frac_hydrophobic
pair_3091_binder,10.919214151789353,1.5073240726479362,1.0,0.0022825466699274476,0.047721448538650325,0.0022825466699274476,2.05779734246352,0.5767160699192622,0.9941305942773294,0.34238200048911716,0.47450665562264494,0.34238200048911716,0.0,0.0,0.0,13.321676041411918,1.6129688175353196,1.0,0.819133059607721,0.04753937276308056
