seq_id,mean_n_hydrophobic,std_n_hydrophobic,occ_n_hydrophobic_gt0,mean_n_polar,std_n_polar,occ_n_polar_gt0,mean_n_pos_charged,std_n_pos_charged,occ_n_pos_charged_gt0,mean_n_neg_charged,std_n_neg_charged,occ_n_neg_charged_gt0,mean_n_other,std_n_other,occ_n_other_gt0,mean_n_total,std_n_total,occ_n_total_gt0,mean_frac_hydrophobic,std_frac_hydrophobic
pair_1413_low_pkt,7.2922474932746395,1.51757435869943,1.0,0.40523355343604794,0.5710741664480762,0.3640661938534279,1.851308388359012,0.8694326546531141,0.9640498899486427,0.5107198173962664,0.767679870221157,0.3516752262166789,0.0,0.0,0.0,10.059509252465965,2.38911689420442,1.0,0.7370761468061614,0.10643196458785596
