seq_id,mean_n_hydrophobic,std_n_hydrophobic,occ_n_hydrophobic_gt0,mean_n_polar,std_n_polar,occ_n_polar_gt0,mean_n_pos_charged,std_n_pos_charged,occ_n_pos_charged_gt0,mean_n_neg_charged,std_n_neg_charged,occ_n_neg_charged_gt0,mean_n_other,std_n_other,occ_n_other_gt0,mean_n_total,std_n_total,occ_n_total_gt0,mean_frac_hydrophobic,std_frac_hydrophobic
pair_3072_binder,9.369609521480395,1.2638469351692214,1.0,0.12456183255889786,0.35634320211305087,0.115676204450966,1.7884568354120811,0.4307460326074089,0.9906252547485123,0.028287274802315153,0.16579235472896048,0.028287274802315153,0.0,0.0,0.0,11.31091546425369,1.34738766778374,1.0,0.827162590724802,0.03703151960112173
