seq_id,mean_n_hydrophobic,std_n_hydrophobic,occ_n_hydrophobic_gt0,mean_n_polar,std_n_polar,occ_n_polar_gt0,mean_n_pos_charged,std_n_pos_charged,occ_n_pos_charged_gt0,mean_n_neg_charged,std_n_neg_charged,occ_n_neg_charged_gt0,mean_n_other,std_n_other,occ_n_other_gt0,mean_n_total,std_n_total,occ_n_total_gt0,mean_frac_hydrophobic,std_frac_hydrophobic
pair_1847_nb,11.931360560854325,1.4547383272946106,1.0,0.999673921904296,1.123425637545762,0.4843074916442488,1.0529876905518871,0.49416238438968385,0.9030732860520094,0.6138420151626315,0.5206871964863078,0.5968044346621015,0.0,0.0,0.0,14.597864188473139,1.8630293327678016,1.0,0.8202428423371667,0.06021880879982104
