seq_id,mean_n_hydrophobic,std_n_hydrophobic,occ_n_hydrophobic_gt0,mean_n_polar,std_n_polar,occ_n_polar_gt0,mean_n_pos_charged,std_n_pos_charged,occ_n_pos_charged_gt0,mean_n_neg_charged,std_n_neg_charged,occ_n_neg_charged_gt0,mean_n_other,std_n_other,occ_n_other_gt0,mean_n_total,std_n_total,occ_n_total_gt0,mean_frac_hydrophobic,std_frac_hydrophobic
pair_0602_nb,10.123257520176082,1.4714376543517946,1.0,1.3376538681014103,0.6592543222292916,0.9995108828564441,1.3255074590364393,0.5284171123855639,0.9741583109154642,0.00016303904785196053,0.01276763353644034,0.00016303904785196053,0.0,0.0,0.0,12.786581886361784,1.6353195727555856,1.0,0.7915431666614805,0.052674432906542085
