seq_id,mean_n_hydrophobic,std_n_hydrophobic,occ_n_hydrophobic_gt0,mean_n_polar,std_n_polar,occ_n_polar_gt0,mean_n_pos_charged,std_n_pos_charged,occ_n_pos_charged_gt0,mean_n_neg_charged,std_n_neg_charged,occ_n_neg_charged_gt0,mean_n_other,std_n_other,occ_n_other_gt0,mean_n_total,std_n_total,occ_n_total_gt0,mean_frac_hydrophobic,std_frac_hydrophobic
pair_0272_nb,12.43376538681014,1.4164291912301552,1.0,1.6088693242031467,0.7123819041069116,0.8653297464742806,1.028857911469797,0.21889699918760325,0.9957609847558491,0.02046140050542105,0.14157235462751125,0.02046140050542105,0.0,0.0,0.0,15.091954022988507,1.5883090617250526,1.0,0.8242599453485887,0.04433018603198162
