seq_id,mean_n_hydrophobic,std_n_hydrophobic,occ_n_hydrophobic_gt0,mean_n_polar,std_n_polar,occ_n_polar_gt0,mean_n_pos_charged,std_n_pos_charged,occ_n_pos_charged_gt0,mean_n_neg_charged,std_n_neg_charged,occ_n_neg_charged_gt0,mean_n_other,std_n_other,occ_n_other_gt0,mean_n_total,std_n_total,occ_n_total_gt0,mean_frac_hydrophobic,std_frac_hydrophobic
pair_1860_nb,12.549767669356811,1.361477447288957,1.0,0.553762126029184,0.49939181058037946,0.5526208526942202,1.0962745577565827,0.4378091319357281,0.9653542023314584,8.151952392598027e-05,0.00902844828822756,8.151952392598027e-05,0.0,0.0,0.0,14.199885872666504,1.3810217182956663,1.0,0.8837902734911115,0.04328226102840914
