seq_id,mean_n_hydrophobic,std_n_hydrophobic,occ_n_hydrophobic_gt0,mean_n_polar,std_n_polar,occ_n_polar_gt0,mean_n_pos_charged,std_n_pos_charged,occ_n_pos_charged_gt0,mean_n_neg_charged,std_n_neg_charged,occ_n_neg_charged_gt0,mean_n_other,std_n_other,occ_n_other_gt0,mean_n_total,std_n_total,occ_n_total_gt0,mean_frac_hydrophobic,std_frac_hydrophobic
pair_3098_binder,10.000652156191407,1.7488888221939902,1.0,1.7865003668378576,0.41687761456384725,0.9981250509497025,0.8240808673677346,0.7566108477110393,0.6103366756338143,0.006521561914078422,0.08049242911155845,0.006521561914078422,0.0,0.0,0.0,12.617754952311078,2.167530030430645,1.0,0.7934287011522566,0.05081711486979007
