seq_id,mean_n_hydrophobic,std_n_hydrophobic,occ_n_hydrophobic_gt0,mean_n_polar,std_n_polar,occ_n_polar_gt0,mean_n_pos_charged,std_n_pos_charged,occ_n_pos_charged_gt0,mean_n_neg_charged,std_n_neg_charged,occ_n_neg_charged_gt0,mean_n_other,std_n_other,occ_n_other_gt0,mean_n_total,std_n_total,occ_n_total_gt0,mean_frac_hydrophobic,std_frac_hydrophobic
pair_0822_nb,11.61286378087552,1.2534289838053738,1.0,0.37107687291106217,0.5416430530442822,0.3417298442977093,1.1117632673025188,0.5030090073833504,0.9248389989402462,0.3037417461482025,0.4598724799279072,0.3037417461482025,0.0,0.0,0.0,13.399445667237304,1.6723238844724708,1.0,0.8699388085364355,0.05291320347222387
