seq_id,mean_n_hydrophobic,std_n_hydrophobic,occ_n_hydrophobic_gt0,mean_n_polar,std_n_polar,occ_n_polar_gt0,mean_n_pos_charged,std_n_pos_charged,occ_n_pos_charged_gt0,mean_n_neg_charged,std_n_neg_charged,occ_n_neg_charged_gt0,mean_n_other,std_n_other,occ_n_other_gt0,mean_n_total,std_n_total,occ_n_total_gt0,mean_frac_hydrophobic,std_frac_hydrophobic
pair_3108_binder,9.636504442814054,1.4585988700154424,1.0,0.4755849025841689,0.5428892689315385,0.4529224749327464,1.3625988424227602,0.6723383313004258,0.8896225646042227,0.18325588978560364,0.3868761670670479,0.18325588978560364,0.0,0.0,0.0,11.657944077606587,1.6670024936700347,1.0,0.8276045711250278,0.05732892061720252
