seq_id,mean_n_hydrophobic,std_n_hydrophobic,occ_n_hydrophobic_gt0,mean_n_polar,std_n_polar,occ_n_polar_gt0,mean_n_pos_charged,std_n_pos_charged,occ_n_pos_charged_gt0,mean_n_neg_charged,std_n_neg_charged,occ_n_neg_charged_gt0,mean_n_other,std_n_other,occ_n_other_gt0,mean_n_total,std_n_total,occ_n_total_gt0,mean_frac_hydrophobic,std_frac_hydrophobic
pair_3075_binder,11.344012390967636,1.2472932366547413,1.0,0.09056819108176409,0.28699406587234716,0.09056819108176409,1.1571696421292899,0.8797874737797223,0.6792206733512677,0.004483573815928915,0.06680921629360752,0.004483573815928915,0.0,0.0,0.0,12.59623379799462,1.630373889212088,1.0,0.9055110839467723,0.07127389366278551
