seq_id,mean_n_hydrophobic,std_n_hydrophobic,occ_n_hydrophobic_gt0,mean_n_polar,std_n_polar,occ_n_polar_gt0,mean_n_pos_charged,std_n_pos_charged,occ_n_pos_charged_gt0,mean_n_neg_charged,std_n_neg_charged,occ_n_neg_charged_gt0,mean_n_other,std_n_other,occ_n_other_gt0,mean_n_total,std_n_total,occ_n_total_gt0,mean_frac_hydrophobic,std_frac_hydrophobic
pair_0647_nb,9.904459117958751,1.276229687234855,1.0,0.45813972446400913,0.6995587674420931,0.33781690714926227,1.4521072796934866,0.5916881014459165,0.9721203228173148,0.6916116409880166,0.4738508977934564,0.685986793837124,0.0,0.0,0.0,12.506317763104263,1.764856706839441,1.0,0.7955619358122357,0.06370318057970041
