seq_id,mean_n_hydrophobic,std_n_hydrophobic,occ_n_hydrophobic_gt0,mean_n_polar,std_n_polar,occ_n_polar_gt0,mean_n_pos_charged,std_n_pos_charged,occ_n_pos_charged_gt0,mean_n_neg_charged,std_n_neg_charged,occ_n_neg_charged_gt0,mean_n_other,std_n_other,occ_n_other_gt0,mean_n_total,std_n_total,occ_n_total_gt0,mean_frac_hydrophobic,std_frac_hydrophobic
pair_1931_low_pkt,9.993559957609847,1.0211144678199533,1.0,1.3284421618977744,0.7876164380703959,0.8019890763837939,0.9995108828564441,0.02211058361906717,0.9995108828564441,1.004075976196299,0.2791344681175801,0.9638053313768647,0.0,0.0,0.0,13.325588978560365,1.5560922648869862,1.0,0.7527038771726815,0.04709166609620325
