seq_id,mean_n_hydrophobic,std_n_hydrophobic,occ_n_hydrophobic_gt0,mean_n_polar,std_n_polar,occ_n_polar_gt0,mean_n_pos_charged,std_n_pos_charged,occ_n_pos_charged_gt0,mean_n_neg_charged,std_n_neg_charged,occ_n_neg_charged_gt0,mean_n_other,std_n_other,occ_n_other_gt0,mean_n_total,std_n_total,occ_n_total_gt0,mean_frac_hydrophobic,std_frac_hydrophobic
pair_1784_nb,10.197032689329093,1.2749753877359686,1.0,2.4943343930871444,1.0960386604105252,0.999755441428222,1.0070921985815602,0.39152001893140614,0.9388603570555148,0.04540637482677101,0.2081937461881643,0.04540637482677101,0.0,0.0,0.0,13.74386565582457,1.5597976170212333,1.0,0.7439897114342333,0.06773972355641489
