seq_id,mean_n_hydrophobic,std_n_hydrophobic,occ_n_hydrophobic_gt0,mean_n_polar,std_n_polar,occ_n_polar_gt0,mean_n_pos_charged,std_n_pos_charged,occ_n_pos_charged_gt0,mean_n_neg_charged,std_n_neg_charged,occ_n_neg_charged_gt0,mean_n_other,std_n_other,occ_n_other_gt0,mean_n_total,std_n_total,occ_n_total_gt0,mean_frac_hydrophobic,std_frac_hydrophobic
pair_3071_binder,9.800684764000978,2.08477058269925,1.0,0.31221977663650446,0.5393309031201728,0.27415015896307166,0.7996250101899405,0.9168352087234157,0.4813727887829135,0.13768647591098068,0.34457061723570626,0.13768647591098068,0.0,0.0,0.0,11.050216026738404,3.228443468066984,1.0,0.9109655994583236,0.09648991570754832
