seq_id,mean_n_hydrophobic,std_n_hydrophobic,occ_n_hydrophobic_gt0,mean_n_polar,std_n_polar,occ_n_polar_gt0,mean_n_pos_charged,std_n_pos_charged,occ_n_pos_charged_gt0,mean_n_neg_charged,std_n_neg_charged,occ_n_neg_charged_gt0,mean_n_other,std_n_other,occ_n_other_gt0,mean_n_total,std_n_total,occ_n_total_gt0,mean_frac_hydrophobic,std_frac_hydrophobic
pair_0865_nb,10.04907475340344,2.082595017101027,1.0,2.259884242276025,0.7146745296619436,0.9968207385668868,2.359338061465721,0.6411119427335628,0.9985326485693323,0.02739056003912937,0.16321861799400283,0.02739056003912937,0.0,0.0,0.0,14.695687617184316,2.726597912476751,1.0,0.6818631170826747,0.04990570396267589
