seq_id,mean_n_hydrophobic,std_n_hydrophobic,occ_n_hydrophobic_gt0,mean_n_polar,std_n_polar,occ_n_polar_gt0,mean_n_pos_charged,std_n_pos_charged,occ_n_pos_charged_gt0,mean_n_neg_charged,std_n_neg_charged,occ_n_neg_charged_gt0,mean_n_other,std_n_other,occ_n_other_gt0,mean_n_total,std_n_total,occ_n_total_gt0,mean_frac_hydrophobic,std_frac_hydrophobic
pair_0947_low_pkt,11.352001304312383,1.2269911678552845,1.0,0.3488220428792696,0.5706319393298861,0.29974728947582946,1.8584821064644983,0.8940955990906275,0.9900546180810305,0.9664954756664221,0.523611381796859,0.8459280997798972,0.0,0.0,0.0,14.525800929322573,1.609222422449157,1.0,0.7838000732361556,0.05800918364330129
