seq_id,mean_n_hydrophobic,std_n_hydrophobic,occ_n_hydrophobic_gt0,mean_n_polar,std_n_polar,occ_n_polar_gt0,mean_n_pos_charged,std_n_pos_charged,occ_n_pos_charged_gt0,mean_n_neg_charged,std_n_neg_charged,occ_n_neg_charged_gt0,mean_n_other,std_n_other,occ_n_other_gt0,mean_n_total,std_n_total,occ_n_total_gt0,mean_frac_hydrophobic,std_frac_hydrophobic
pair_1835_nb,11.795222955897938,1.3993675004289168,1.0,1.4136300644004238,0.7995087476997016,0.8338632102388522,0.9536969104100432,0.48164312162620965,0.8608461726583517,0.008233471916524007,0.0903641624579336,0.008233471916524007,0.0,0.0,0.0,14.170783402624929,1.536682487867036,1.0,0.8330121913171127,0.052692280992484505
