seq_id,mean_n_hydrophobic,std_n_hydrophobic,occ_n_hydrophobic_gt0,mean_n_polar,std_n_polar,occ_n_polar_gt0,mean_n_pos_charged,std_n_pos_charged,occ_n_pos_charged_gt0,mean_n_neg_charged,std_n_neg_charged,occ_n_neg_charged_gt0,mean_n_other,std_n_other,occ_n_other_gt0,mean_n_total,std_n_total,occ_n_total_gt0,mean_frac_hydrophobic,std_frac_hydrophobic
pair_0052_nb,9.218309285073776,0.9427817069249057,1.0,2.061954838183745,0.5516388297299523,0.987772071411103,2.6604711828482923,0.5516349988630006,0.9987772071411103,0.09040515203391213,0.2867613302375991,0.09040515203391213,0.0,0.0,0.0,14.031140458139724,1.239880513739165,1.0,0.6577258770701006,0.04666348254106025
