seq_id,mean_n_hydrophobic,std_n_hydrophobic,occ_n_hydrophobic_gt0,mean_n_polar,std_n_polar,occ_n_polar_gt0,mean_n_pos_charged,std_n_pos_charged,occ_n_pos_charged_gt0,mean_n_neg_charged,std_n_neg_charged,occ_n_neg_charged_gt0,mean_n_other,std_n_other,occ_n_other_gt0,mean_n_total,std_n_total,occ_n_total_gt0,mean_frac_hydrophobic,std_frac_hydrophobic
pair_3059_nb,10.914567538925573,1.4465411130970893,1.0,1.648324773783321,0.8134393823563878,0.872095866960137,1.1565174859378822,0.6662683101231571,0.8538354936007174,0.031792614331132306,0.17544755343157165,0.031792614331132306,0.0,0.0,0.0,13.751202412977909,1.610288053707569,1.0,0.7940510510648281,0.056577298894190414
