seq_id,mean_n_hydrophobic,std_n_hydrophobic,occ_n_hydrophobic_gt0,mean_n_polar,std_n_polar,occ_n_polar_gt0,mean_n_pos_charged,std_n_pos_charged,occ_n_pos_charged_gt0,mean_n_neg_charged,std_n_neg_charged,occ_n_neg_charged_gt0,mean_n_other,std_n_other,occ_n_other_gt0,mean_n_total,std_n_total,occ_n_total_gt0,mean_frac_hydrophobic,std_frac_hydrophobic
pair_3077_binder,11.816091954022989,1.306938031382997,1.0,0.013858319067416646,0.11690280604007042,0.013858319067416646,0.6791391538273417,0.79479699736115,0.47240564115105566,0.06929159533708323,0.25491054763638366,0.0690470367653053,0.0,0.0,0.0,12.57838102225483,1.7120356310679696,1.0,0.9444932389840462,0.06340997519643028
