seq_id,mean_n_hydrophobic,std_n_hydrophobic,occ_n_hydrophobic_gt0,mean_n_polar,std_n_polar,occ_n_polar_gt0,mean_n_pos_charged,std_n_pos_charged,occ_n_pos_charged_gt0,mean_n_neg_charged,std_n_neg_charged,occ_n_neg_charged_gt0,mean_n_other,std_n_other,occ_n_other_gt0,mean_n_total,std_n_total,occ_n_total_gt0,mean_frac_hydrophobic,std_frac_hydrophobic
pair_0482_low_pkt,10.416320208689982,1.5462978846185789,1.0,0.5346865574305046,0.6254038147536213,0.4641721692345317,1.367816091954023,0.6303648878483198,0.9179098394065379,1.0385587348169887,0.6063952076245968,0.834678405478112,0.0,0.0,0.0,13.357381592891498,1.8321877542441682,1.0,0.7809406814773381,0.06193001512042132
