seq_id,mean_n_hydrophobic,std_n_hydrophobic,occ_n_hydrophobic_gt0,mean_n_polar,std_n_polar,occ_n_polar_gt0,mean_n_pos_charged,std_n_pos_charged,occ_n_pos_charged_gt0,mean_n_neg_charged,std_n_neg_charged,occ_n_neg_charged_gt0,mean_n_other,std_n_other,occ_n_other_gt0,mean_n_total,std_n_total,occ_n_total_gt0,mean_frac_hydrophobic,std_frac_hydrophobic
pair_3086_binder,11.691693160511942,1.1341136213478324,1.0,0.9697562566234613,0.5932818344279072,0.8084291187739464,0.04239015244150974,0.22911804361657861,0.03643922719491318,0.06611233390397,0.2484783556162186,0.06611233390397,0.0,0.0,0.0,12.769951903480884,1.3408568695067298,1.0,0.9176691750456729,0.050240911801896916
