seq_id,mean_n_hydrophobic,std_n_hydrophobic,occ_n_hydrophobic_gt0,mean_n_polar,std_n_polar,occ_n_polar_gt0,mean_n_pos_charged,std_n_pos_charged,occ_n_pos_charged_gt0,mean_n_neg_charged,std_n_neg_charged,occ_n_neg_charged_gt0,mean_n_other,std_n_other,occ_n_other_gt0,mean_n_total,std_n_total,occ_n_total_gt0,mean_frac_hydrophobic,std_frac_hydrophobic
pair_3080_binder,10.753729518219613,1.38623991902979,1.0,0.02184723241216271,0.14618457801044424,0.02184723241216271,1.8888888888888888,0.7865729182336929,0.9911143718920682,0.008070432868672046,0.08947234758283873,0.008070432868672046,0.0,0.0,0.0,12.672536072389338,1.567626587663358,1.0,0.8499506403029844,0.056876574265734746
