seq_id,mean_n_hydrophobic,std_n_hydrophobic,occ_n_hydrophobic_gt0,mean_n_polar,std_n_polar,occ_n_polar_gt0,mean_n_pos_charged,std_n_pos_charged,occ_n_pos_charged_gt0,mean_n_neg_charged,std_n_neg_charged,occ_n_neg_charged_gt0,mean_n_other,std_n_other,occ_n_other_gt0,mean_n_total,std_n_total,occ_n_total_gt0,mean_frac_hydrophobic,std_frac_hydrophobic
pair_1824_nb,12.164506399282628,1.1677588461545851,1.0,3.005787886198745,0.5098355246285821,0.999755441428222,1.8633732779000571,0.5591319021871394,0.9864677590282873,0.00024455857177794083,0.01563645621241945,0.00024455857177794083,0.0,0.0,0.0,17.033912121953207,1.3667818595545371,1.0,0.7141421999590615,0.03860793253232682
