seq_id,mean_n_hydrophobic,std_n_hydrophobic,occ_n_hydrophobic_gt0,mean_n_polar,std_n_polar,occ_n_polar_gt0,mean_n_pos_charged,std_n_pos_charged,occ_n_pos_charged_gt0,mean_n_neg_charged,std_n_neg_charged,occ_n_neg_charged_gt0,mean_n_other,std_n_other,occ_n_other_gt0,mean_n_total,std_n_total,occ_n_total_gt0,mean_frac_hydrophobic,std_frac_hydrophobic
pair_0811_nb,12.333985489524741,1.248612548632294,1.0,1.5381918969593218,0.6089504617746989,0.9479090242112986,1.086573734409391,0.32828889006749573,0.9856525637890274,0.004728132387706856,0.06859866727445348,0.004728132387706856,0.0,0.0,0.0,14.963479253281161,1.3082016024848557,1.0,0.8244055287166875,0.04444484646057235
