seq_id,mean_n_hydrophobic,std_n_hydrophobic,occ_n_hydrophobic_gt0,mean_n_polar,std_n_polar,occ_n_polar_gt0,mean_n_pos_charged,std_n_pos_charged,occ_n_pos_charged_gt0,mean_n_neg_charged,std_n_neg_charged,occ_n_neg_charged_gt0,mean_n_other,std_n_other,occ_n_other_gt0,mean_n_total,std_n_total,occ_n_total_gt0,mean_frac_hydrophobic,std_frac_hydrophobic
pair_1758_nb,10.650607320453249,1.623694061726673,1.0,0.550012227928589,0.6689900513251108,0.4521072796934866,2.119018504931931,0.6773557952083273,0.9964131409472569,0.2788782913507785,0.45512375760288687,0.27586206896551724,0.0,0.0,0.0,13.598516344664548,2.1675119783295873,1.0,0.7864668329095845,0.06527089409947408
