seq_id,mean_n_hydrophobic,std_n_hydrophobic,occ_n_hydrophobic_gt0,mean_n_polar,std_n_polar,occ_n_polar_gt0,mean_n_pos_charged,std_n_pos_charged,occ_n_pos_charged_gt0,mean_n_neg_charged,std_n_neg_charged,occ_n_neg_charged_gt0,mean_n_other,std_n_other,occ_n_other_gt0,mean_n_total,std_n_total,occ_n_total_gt0,mean_frac_hydrophobic,std_frac_hydrophobic
pair_0997_fail_gate,10.81283117306595,1.3317507229380166,1.0,0.9052743131980109,0.6769763329715526,0.7303334148528573,2.165158555474036,0.6652827875896685,0.9979620119018505,0.1764082497758213,0.38116712763150595,0.1764082497758213,0.0,0.0,0.0,14.059672291513818,1.6296030461713573,1.0,0.771163892407732,0.0675267274919597
