seq_id,mean_n_hydrophobic,std_n_hydrophobic,occ_n_hydrophobic_gt0,mean_n_polar,std_n_polar,occ_n_polar_gt0,mean_n_pos_charged,std_n_pos_charged,occ_n_pos_charged_gt0,mean_n_neg_charged,std_n_neg_charged,occ_n_neg_charged_gt0,mean_n_other,std_n_other,occ_n_other_gt0,mean_n_total,std_n_total,occ_n_total_gt0,mean_frac_hydrophobic,std_frac_hydrophobic
pair_1792_nb,9.507948153582783,1.1894064842218706,1.0,1.8789435069699192,0.783336643080603,0.9415505013450721,0.9898100595092525,0.27999904759394095,0.9557348985081927,0.006358522866226461,0.07948642684877799,0.006358522866226461,0.0,0.0,0.0,12.383060242928181,1.4502145327919358,1.0,0.7697720526474823,0.06429931015142698
