seq_id,mean_n_hydrophobic,std_n_hydrophobic,occ_n_hydrophobic_gt0,mean_n_polar,std_n_polar,occ_n_polar_gt0,mean_n_pos_charged,std_n_pos_charged,occ_n_pos_charged_gt0,mean_n_neg_charged,std_n_neg_charged,occ_n_neg_charged_gt0,mean_n_other,std_n_other,occ_n_other_gt0,mean_n_total,std_n_total,occ_n_total_gt0,mean_frac_hydrophobic,std_frac_hydrophobic
pair_1785_nb,11.464498247330235,1.4804860681063636,1.0,0.05184641721692345,0.22171686051965503,0.05184641721692345,0.9706529713866471,0.6805496911308143,0.7536479986956877,0.00032607809570392107,0.018054688276993962,0.00032607809570392107,0.0,0.0,0.0,12.48732371402951,1.472742999996748,1.0,0.9187141907987291,0.058862959660515045
