seq_id,mean_n_hydrophobic,std_n_hydrophobic,occ_n_hydrophobic_gt0,mean_n_polar,std_n_polar,occ_n_polar_gt0,mean_n_pos_charged,std_n_pos_charged,occ_n_pos_charged_gt0,mean_n_neg_charged,std_n_neg_charged,occ_n_neg_charged_gt0,mean_n_other,std_n_other,occ_n_other_gt0,mean_n_total,std_n_total,occ_n_total_gt0,mean_frac_hydrophobic,std_frac_hydrophobic
pair_3087_binder,9.890926876987038,1.3829146523314046,1.0,0.3163772723567294,0.47408936328623447,0.3121382571125785,2.4110214396347924,0.6297966601681797,0.9946197114208853,0.06431890437759843,0.24532016410654828,0.06431890437759843,0.0,0.0,0.0,12.68264449335616,1.4860985958724522,1.0,0.779686380924099,0.05869975072875311
