seq_id,mean_n_hydrophobic,std_n_hydrophobic,occ_n_hydrophobic_gt0,mean_n_polar,std_n_polar,occ_n_polar_gt0,mean_n_pos_charged,std_n_pos_charged,occ_n_pos_charged_gt0,mean_n_neg_charged,std_n_neg_charged,occ_n_neg_charged_gt0,mean_n_other,std_n_other,occ_n_other_gt0,mean_n_total,std_n_total,occ_n_total_gt0,mean_frac_hydrophobic,std_frac_hydrophobic
pair_1102_nb,10.928588897040841,1.5221910566448713,1.0,1.7992989320942365,1.1212420898928956,0.834759925002038,1.0490747534034401,0.3083650745364396,0.9761147794896878,0.05665606912855629,0.23118425326880843,0.05665606912855629,0.0,0.0,0.0,13.833618651667074,1.6431308523566501,1.0,0.791263069556083,0.07530470174985376
