seq_id,mean_n_hydrophobic,std_n_hydrophobic,occ_n_hydrophobic_gt0,mean_n_polar,std_n_polar,occ_n_polar_gt0,mean_n_pos_charged,std_n_pos_charged,occ_n_pos_charged_gt0,mean_n_neg_charged,std_n_neg_charged,occ_n_neg_charged_gt0,mean_n_other,std_n_other,occ_n_other_gt0,mean_n_total,std_n_total,occ_n_total_gt0,mean_frac_hydrophobic,std_frac_hydrophobic
pair_1682_fail_gate,7.664954756664221,1.5457735394159622,0.999918480476074,1.053802885791147,0.6463327261856722,0.8447868264449335,0.9520665199315236,0.3658414772068799,0.9079644574875683,0.7132958343523274,0.477133557657521,0.7018831010026901,0.0,0.0,0.0,10.38411999673922,1.724149971985002,0.999918480476074,0.7363794241850183,0.07074250969200059
