seq_id,mean_n_hydrophobic,std_n_hydrophobic,occ_n_hydrophobic_gt0,mean_n_polar,std_n_polar,occ_n_polar_gt0,mean_n_pos_charged,std_n_pos_charged,occ_n_pos_charged_gt0,mean_n_neg_charged,std_n_neg_charged,occ_n_neg_charged_gt0,mean_n_other,std_n_other,occ_n_other_gt0,mean_n_total,std_n_total,occ_n_total_gt0,mean_frac_hydrophobic,std_frac_hydrophobic
pair_1313_nb,12.112007825874297,1.1364873913558151,1.0,0.0039944566723730335,0.06435479808155356,0.003912937148447053,0.1851308388359012,0.4360617179713661,0.16548463356973994,0.04459117958751121,0.2064044725545101,0.04459117958751121,0.0,0.0,0.0,12.345724300970083,1.2751036171613317,1.0,0.9828506104235105,0.041739215321976136
