seq_id,mean_n_hydrophobic,std_n_hydrophobic,occ_n_hydrophobic_gt0,mean_n_polar,std_n_polar,occ_n_polar_gt0,mean_n_pos_charged,std_n_pos_charged,occ_n_pos_charged_gt0,mean_n_neg_charged,std_n_neg_charged,occ_n_neg_charged_gt0,mean_n_other,std_n_other,occ_n_other_gt0,mean_n_total,std_n_total,occ_n_total_gt0,mean_frac_hydrophobic,std_frac_hydrophobic
pair_3085_binder,11.811119263063503,1.1953335578592954,1.0,0.0037498981005950924,0.06112148856850792,0.0037498981005950924,0.3289312790413304,0.5695861016066067,0.27708486182440695,0.0004891171435558817,0.022110583619067165,0.0004891171435558817,0.0,0.0,0.0,12.144289557348985,1.305049966716472,1.0,0.9741510317877328,0.04387525753218992
