seq_id,mean_n_hydrophobic,std_n_hydrophobic,occ_n_hydrophobic_gt0,mean_n_polar,std_n_polar,occ_n_polar_gt0,mean_n_pos_charged,std_n_pos_charged,occ_n_pos_charged_gt0,mean_n_neg_charged,std_n_neg_charged,occ_n_neg_charged_gt0,mean_n_other,std_n_other,occ_n_other_gt0,mean_n_total,std_n_total,occ_n_total_gt0,mean_frac_hydrophobic,std_frac_hydrophobic
pair_0288_nb,11.750305698214722,1.41364238794004,1.0,1.442324936822369,0.9089083359466587,0.8169886687861743,1.0068476400097823,0.1603536073398606,0.9905437352245863,0.0043205347680769545,0.06558862513725068,0.0043205347680769545,0.0,0.0,0.0,14.20379880981495,1.7273261353928326,1.0,0.8294647055936974,0.05758854741663055
