seq_id,mean_n_hydrophobic,std_n_hydrophobic,occ_n_hydrophobic_gt0,mean_n_polar,std_n_polar,occ_n_polar_gt0,mean_n_pos_charged,std_n_pos_charged,occ_n_pos_charged_gt0,mean_n_neg_charged,std_n_neg_charged,occ_n_neg_charged_gt0,mean_n_other,std_n_other,occ_n_other_gt0,mean_n_total,std_n_total,occ_n_total_gt0,mean_frac_hydrophobic,std_frac_hydrophobic
pair_3069_binder,10.873889296486508,1.4884108907950582,1.0,1.5229477459851635,0.6440458023122956,0.991929567131328,1.3246107442732535,0.5458813690611861,0.9633162142333089,0.02160267384038477,0.14538224899667337,0.02160267384038477,0.0,0.0,0.0,13.74305046058531,1.7669763764520643,1.0,0.7916003844509265,0.047873041644197666
