seq_id,mean_n_hydrophobic,std_n_hydrophobic,occ_n_hydrophobic_gt0,mean_n_polar,std_n_polar,occ_n_polar_gt0,mean_n_pos_charged,std_n_pos_charged,occ_n_pos_charged_gt0,mean_n_neg_charged,std_n_neg_charged,occ_n_neg_charged_gt0,mean_n_other,std_n_other,occ_n_other_gt0,mean_n_total,std_n_total,occ_n_total_gt0,mean_frac_hydrophobic,std_frac_hydrophobic
seq17_binder,12.359908698133204,1.460493106992856,1.0,1.4346621015733267,0.5049991928278178,0.999918480476074,2.0763837939186436,0.5859297201896894,0.9872014347436211,0.2049400831499144,0.40365783216533846,0.2049400831499144,0.0,0.0,0.0,16.07589467677509,1.7356556027612808,1.0,0.769333323382689,0.04661680925227335
