seq_id,mean_n_hydrophobic,std_n_hydrophobic,occ_n_hydrophobic_gt0,mean_n_polar,std_n_polar,occ_n_polar_gt0,mean_n_pos_charged,std_n_pos_charged,occ_n_pos_charged_gt0,mean_n_neg_charged,std_n_neg_charged,occ_n_neg_charged_gt0,mean_n_other,std_n_other,occ_n_other_gt0,mean_n_total,std_n_total,occ_n_total_gt0,mean_frac_hydrophobic,std_frac_hydrophobic
seq14_binder,11.445667237303335,1.0645788909334082,1.0,1.9689410613842016,0.17673583191538234,0.999836960952148,1.904948235102307,0.8334516737753277,0.9600554332762696,0.6820738566886769,0.4656706032277656,0.6820738566886769,0.0,0.0,0.0,16.00163039047852,1.424951102240075,1.0,0.7166951308983053,0.04945315427296377
