seq_id,mean_n_hydrophobic,std_n_hydrophobic,occ_n_hydrophobic_gt0,mean_n_polar,std_n_polar,occ_n_polar_gt0,mean_n_pos_charged,std_n_pos_charged,occ_n_pos_charged_gt0,mean_n_neg_charged,std_n_neg_charged,occ_n_neg_charged_gt0,mean_n_other,std_n_other,occ_n_other_gt0,mean_n_total,std_n_total,occ_n_total_gt0,mean_frac_hydrophobic,std_frac_hydrophobic
seq16_binder,13.044265101491808,2.112530096044062,1.0,0.83451536643026,0.5648653049512822,0.7441917339202739,1.438738077769626,0.7106264460500333,0.9112252384446075,0.6665036276188147,0.5032434411710177,0.6510149180728785,0.0,0.0,0.0,15.984022173310509,2.872793823156889,1.0,0.8205797869779997,0.05325692473035134
