seq_id,mean_n_hydrophobic,std_n_hydrophobic,occ_n_hydrophobic_gt0,mean_n_polar,std_n_polar,occ_n_polar_gt0,mean_n_pos_charged,std_n_pos_charged,occ_n_pos_charged_gt0,mean_n_neg_charged,std_n_neg_charged,occ_n_neg_charged_gt0,mean_n_other,std_n_other,occ_n_other_gt0,mean_n_total,std_n_total,occ_n_total_gt0,mean_frac_hydrophobic,std_frac_hydrophobic
seq1_nb,11.954675144697156,1.39870322094772,1.0,1.2085269422026574,0.7102751257125994,0.8311730659492949,1.1787723159696748,0.48646406894954103,0.9566316132713785,0.007907393820820086,0.08857125348431365,0.007907393820820086,0.0,0.0,0.0,14.349881796690307,1.5311846921233172,1.0,0.8340063742381616,0.05607840390875477
