seq_id,mean_n_hydrophobic,std_n_hydrophobic,occ_n_hydrophobic_gt0,mean_n_polar,std_n_polar,occ_n_polar_gt0,mean_n_pos_charged,std_n_pos_charged,occ_n_pos_charged_gt0,mean_n_neg_charged,std_n_neg_charged,occ_n_neg_charged_gt0,mean_n_other,std_n_other,occ_n_other_gt0,mean_n_total,std_n_total,occ_n_total_gt0,mean_frac_hydrophobic,std_frac_hydrophobic
seq10_binder,12.154805575935436,1.2539015239060511,1.0,1.0419010352979539,0.4588258313829031,0.9148120974973506,1.1887176978886442,0.6041970627202713,0.9414689818211461,0.5862068965517241,0.4931739319736275,0.5858808184560202,0.0,0.0,0.0,14.97163120567376,1.5398864629272673,1.0,0.8131709835068995,0.04686641211361253
