seq_id,mean_n_hydrophobic,std_n_hydrophobic,occ_n_hydrophobic_gt0,mean_n_polar,std_n_polar,occ_n_polar_gt0,mean_n_pos_charged,std_n_pos_charged,occ_n_pos_charged_gt0,mean_n_neg_charged,std_n_neg_charged,occ_n_neg_charged_gt0,mean_n_other,std_n_other,occ_n_other_gt0,mean_n_total,std_n_total,occ_n_total_gt0,mean_frac_hydrophobic,std_frac_hydrophobic
seq2_nb,13.321268443792288,1.71900887929831,1.0,0.27154153419744026,0.4456701971664702,0.2711339365778104,0.2593136056085432,0.5472776188455747,0.20559223934132226,0.0022010271460014674,0.04686344658157392,0.0022010271460014674,0.0,0.0,0.0,13.854324610744273,1.6715428321610313,1.0,0.9616490308032577,0.04585281555498886
