seq_id,mean_n_hydrophobic,std_n_hydrophobic,occ_n_hydrophobic_gt0,mean_n_polar,std_n_polar,occ_n_polar_gt0,mean_n_pos_charged,std_n_pos_charged,occ_n_pos_charged_gt0,mean_n_neg_charged,std_n_neg_charged,occ_n_neg_charged_gt0,mean_n_other,std_n_other,occ_n_other_gt0,mean_n_total,std_n_total,occ_n_total_gt0,mean_frac_hydrophobic,std_frac_hydrophobic
seq39_binder,10.061954838183745,1.6940743358732175,1.0,1.5885709627455775,0.563452948049726,0.9968207385668868,1.0301622238526127,0.48678969901619257,0.9025026493845276,0.3566479171761637,0.4793498288784214,0.35648487812831176,0.0,0.0,0.0,13.0373359419581,2.304045307047716,1.0,0.7748654433014495,0.05775500188067792
