seq_id,mean_n_hydrophobic,std_n_hydrophobic,occ_n_hydrophobic_gt0,mean_n_polar,std_n_polar,occ_n_polar_gt0,mean_n_pos_charged,std_n_pos_charged,occ_n_pos_charged_gt0,mean_n_neg_charged,std_n_neg_charged,occ_n_neg_charged_gt0,mean_n_other,std_n_other,occ_n_other_gt0,mean_n_total,std_n_total,occ_n_total_gt0,mean_frac_hydrophobic,std_frac_hydrophobic
seq3_nb,10.331947501426592,1.5565299559355426,1.0,2.201353224097171,0.5679303114925197,0.9969022580908128,0.9352734980027717,0.5446260397980159,0.8172332273579522,0.00913018667970979,0.09511480626539405,0.00913018667970979,0.0,0.0,0.0,13.477704410206245,1.7356628850738625,1.0,0.7658499788090466,0.05197552063357608
