seq_id,mean_n_hydrophobic,std_n_hydrophobic,occ_n_hydrophobic_gt0,mean_n_polar,std_n_polar,occ_n_polar_gt0,mean_n_pos_charged,std_n_pos_charged,occ_n_pos_charged_gt0,mean_n_neg_charged,std_n_neg_charged,occ_n_neg_charged_gt0,mean_n_other,std_n_other,occ_n_other_gt0,mean_n_total,std_n_total,occ_n_total_gt0,mean_frac_hydrophobic,std_frac_hydrophobic
seq42_binder,12.538191896959322,1.5489843441009052,1.0,0.7507948153582783,0.6035937421846653,0.6673188228580745,0.9229640498899486,0.525396512788777,0.8204940083149914,0.0070921985815602835,0.08391602529219314,0.0070921985815602835,0.0,0.0,0.0,14.219042960789109,1.6193184330218144,1.0,0.8824032541651814,0.054374059539314956
