seq_id,mean_n_hydrophobic,std_n_hydrophobic,occ_n_hydrophobic_gt0,mean_n_polar,std_n_polar,occ_n_polar_gt0,mean_n_pos_charged,std_n_pos_charged,occ_n_pos_charged_gt0,mean_n_neg_charged,std_n_neg_charged,occ_n_neg_charged_gt0,mean_n_other,std_n_other,occ_n_other_gt0,mean_n_total,std_n_total,occ_n_total_gt0,mean_frac_hydrophobic,std_frac_hydrophobic
seq4_nb,6.137931034482759,1.3053626650958097,0.999836960952148,1.458302763511861,0.7072175545053524,0.9612782261351593,1.6159615227847068,0.49500601584400356,0.9970652971386648,0.24594440368468248,0.4466286064462699,0.23893372462704818,0.0,0.0,0.0,9.45813972446401,1.5134314753981128,0.999836960952148,0.6484113799074671,0.08775266539686452
