seq_id,mean_n_hydrophobic,std_n_hydrophobic,occ_n_hydrophobic_gt0,mean_n_polar,std_n_polar,occ_n_polar_gt0,mean_n_pos_charged,std_n_pos_charged,occ_n_pos_charged_gt0,mean_n_neg_charged,std_n_neg_charged,occ_n_neg_charged_gt0,mean_n_other,std_n_other,occ_n_other_gt0,mean_n_total,std_n_total,occ_n_total_gt0,mean_frac_hydrophobic,std_frac_hydrophobic
seq5_nb,11.32102388522051,1.6576131686281508,0.999918480476074,1.9985326485693324,0.6802225111561973,0.9685334637645716,1.999347843808592,0.4765637085952759,0.9986956876171843,0.9973913752343686,0.4668794298905269,0.8897040841281487,0.0,0.0,0.0,16.316295752832804,2.1024694141612117,0.999918480476074,0.6941325210987742,0.0562116803068748
