seq_id,mean_n_hydrophobic,std_n_hydrophobic,occ_n_hydrophobic_gt0,mean_n_polar,std_n_polar,occ_n_polar_gt0,mean_n_pos_charged,std_n_pos_charged,occ_n_pos_charged_gt0,mean_n_neg_charged,std_n_neg_charged,occ_n_neg_charged_gt0,mean_n_other,std_n_other,occ_n_other_gt0,mean_n_total,std_n_total,occ_n_total_gt0,mean_frac_hydrophobic,std_frac_hydrophobic
seq6_nb,9.031955653378985,1.067444132468574,1.0,2.5263715659900545,0.6280201374920051,0.9984511290454063,1.793429526371566,0.4339988136287385,0.9911958914159942,0.023070025271052418,0.15012594447678063,0.023070025271052418,0.0,0.0,0.0,13.374826771011657,1.318656891053364,1.0,0.6757646672961644,0.05076473583148258
