seq_id,mean_n_hydrophobic,std_n_hydrophobic,occ_n_hydrophobic_gt0,mean_n_polar,std_n_polar,occ_n_polar_gt0,mean_n_pos_charged,std_n_pos_charged,occ_n_pos_charged_gt0,mean_n_neg_charged,std_n_neg_charged,occ_n_neg_charged_gt0,mean_n_other,std_n_other,occ_n_other_gt0,mean_n_total,std_n_total,occ_n_total_gt0,mean_frac_hydrophobic,std_frac_hydrophobic
seq7_nb,9.502812423575447,2.6487945515139515,0.9978804923779245,0.30097008233471917,0.5516317462192335,0.25890600798891333,1.4455857177794083,1.022069522088497,0.8119344583027636,0.0022825466699274476,0.06251181591624623,0.0016303904785196055,0.0,0.0,0.0,11.2516507703595,3.245305682521895,0.9986141680932583,0.8485047596006299,0.08404598154318421
