seq_id,mean_n_hydrophobic,std_n_hydrophobic,occ_n_hydrophobic_gt0,mean_n_polar,std_n_polar,occ_n_polar_gt0,mean_n_pos_charged,std_n_pos_charged,occ_n_pos_charged_gt0,mean_n_neg_charged,std_n_neg_charged,occ_n_neg_charged_gt0,mean_n_other,std_n_other,occ_n_other_gt0,mean_n_total,std_n_total,occ_n_total_gt0,mean_frac_hydrophobic,std_frac_hydrophobic
bind_100_binder,5.811771419254912,1.4978145054516825,1.0,0.7361213010516019,0.7611471357208339,0.5571044265101491,1.0008151952392599,0.8512977758450251,0.6623461318985897,0.005543327626966659,0.07424687970404391,0.005543327626966659,0.0,0.0,0.0,7.5542512431727395,1.76874133080615,1.0,0.7743678334654123,0.12984883914537224
