seq_id,mean_n_hydrophobic,std_n_hydrophobic,occ_n_hydrophobic_gt0,mean_n_polar,std_n_polar,occ_n_polar_gt0,mean_n_pos_charged,std_n_pos_charged,occ_n_pos_charged_gt0,mean_n_neg_charged,std_n_neg_charged,occ_n_neg_charged_gt0,mean_n_other,std_n_other,occ_n_other_gt0,mean_n_total,std_n_total,occ_n_total_gt0,mean_frac_hydrophobic,std_frac_hydrophobic
bind_022_binder,3.975136545202576,1.1874667027561763,0.9995108828564441,1.2135811526860683,0.8985562806962889,0.7878046792206733,1.9769299747289475,0.951693396750821,0.9690225809081275,0.9991848047607402,0.042341055526444474,0.9986956876171843,0.0,0.0,0.0,8.164832477378333,1.5790547597194442,1.0,0.49565347743386384,0.14513270449518254
