seq_id,mean_n_hydrophobic,std_n_hydrophobic,occ_n_hydrophobic_gt0,mean_n_polar,std_n_polar,occ_n_polar_gt0,mean_n_pos_charged,std_n_pos_charged,occ_n_pos_charged_gt0,mean_n_neg_charged,std_n_neg_charged,occ_n_neg_charged_gt0,mean_n_other,std_n_other,occ_n_other_gt0,mean_n_total,std_n_total,occ_n_total_gt0,mean_frac_hydrophobic,std_frac_hydrophobic
bind_102_binder,3.3188228580745087,1.1765238407138396,0.9988587266650363,2.6026738403847722,0.6556582115643274,0.991603489035624,0.26876987038395694,0.4874612468868084,0.24822695035460993,0.49197032689329095,0.49993552019215376,0.49197032689329095,0.0,0.0,0.0,6.682236895736529,1.5387010213473495,1.0,0.4909703882252182,0.12097703121271933
