seq_id,mean_n_hydrophobic,std_n_hydrophobic,occ_n_hydrophobic_gt0,mean_n_polar,std_n_polar,occ_n_polar_gt0,mean_n_pos_charged,std_n_pos_charged,occ_n_pos_charged_gt0,mean_n_neg_charged,std_n_neg_charged,occ_n_neg_charged_gt0,mean_n_other,std_n_other,occ_n_other_gt0,mean_n_total,std_n_total,occ_n_total_gt0,mean_frac_hydrophobic,std_frac_hydrophobic
bind_041_binder,4.880166299828809,1.454784245405673,0.999836960952148,1.4633569739952719,0.9000004057774179,0.8794326241134752,0.8944322165158556,0.4200379359580816,0.8540800521724953,0.08632917583761311,0.3416160247097118,0.06741664628678569,0.0,0.0,0.0,7.324284666177549,1.3274508165392116,1.0,0.6619674771484505,0.14115664432742547
