seq_id,mean_n_hydrophobic,std_n_hydrophobic,occ_n_hydrophobic_gt0,mean_n_polar,std_n_polar,occ_n_polar_gt0,mean_n_pos_charged,std_n_pos_charged,occ_n_pos_charged_gt0,mean_n_neg_charged,std_n_neg_charged,occ_n_neg_charged_gt0,mean_n_other,std_n_other,occ_n_other_gt0,mean_n_total,std_n_total,occ_n_total_gt0,mean_frac_hydrophobic,std_frac_hydrophobic
bind_043_binder,4.711583924349882,1.239666143267479,0.999918480476074,1.0873074101247249,0.39618850935365,0.9642944485204207,1.4131409472568681,0.5078820872038136,0.9990217657128883,0.37710931768158473,0.484662645764365,0.37710931768158473,0.0,0.0,0.0,7.589141599413059,1.352071607851431,1.0,0.616244804713868,0.09476550829404225
