seq_id,mean_n_hydrophobic,std_n_hydrophobic,occ_n_hydrophobic_gt0,mean_n_polar,std_n_polar,occ_n_polar_gt0,mean_n_pos_charged,std_n_pos_charged,occ_n_pos_charged_gt0,mean_n_neg_charged,std_n_neg_charged,occ_n_neg_charged_gt0,mean_n_other,std_n_other,occ_n_other_gt0,mean_n_total,std_n_total,occ_n_total_gt0,mean_frac_hydrophobic,std_frac_hydrophobic
bind_101_binder,4.523518382652646,1.1309458310911866,1.0,1.7949783973261597,0.9558344633990327,0.9425287356321839,1.156599005461808,1.0002108406779655,0.6504442814053966,8.151952392598027e-05,0.00902844828822756,8.151952392598027e-05,0.0,0.0,0.0,7.475177304964539,1.2961679978737828,1.0,0.6019869280018461,0.09375098726238969
