seq_id,mean_n_hydrophobic,std_n_hydrophobic,occ_n_hydrophobic_gt0,mean_n_polar,std_n_polar,occ_n_polar_gt0,mean_n_pos_charged,std_n_pos_charged,occ_n_pos_charged_gt0,mean_n_neg_charged,std_n_neg_charged,occ_n_neg_charged_gt0,mean_n_other,std_n_other,occ_n_other_gt0,mean_n_total,std_n_total,occ_n_total_gt0,mean_frac_hydrophobic,std_frac_hydrophobic
bind_020_binder,5.341566805249857,1.2409560357946519,1.0,1.73555066438412,0.8334984602973268,0.9109806798728295,0.9700823347191653,0.21856827100005655,0.9607075894676775,0.03489035624031955,0.18350209612356788,0.03489035624031955,0.0,0.0,0.0,8.082090160593463,1.2743218755970263,1.0,0.6589769387519449,0.10626711803759663
