seq_id,mean_n_hydrophobic,std_n_hydrophobic,occ_n_hydrophobic_gt0,mean_n_polar,std_n_polar,occ_n_polar_gt0,mean_n_pos_charged,std_n_pos_charged,occ_n_pos_charged_gt0,mean_n_neg_charged,std_n_neg_charged,occ_n_neg_charged_gt0,mean_n_other,std_n_other,occ_n_other_gt0,mean_n_total,std_n_total,occ_n_total_gt0,mean_frac_hydrophobic,std_frac_hydrophobic
bind_083_binder,6.940409228010108,1.520797886719461,1.0,0.3784951495883264,0.5100799404483446,0.3660226624276514,1.718676122931442,0.6228019177580106,0.9977174533300726,0.0011412733349637238,0.03376345406113872,0.0011412733349637238,0.0,0.0,0.0,9.038721773864841,1.3538591031326317,1.0,0.764597060005473,0.10453570789138228
