seq_id,mean_n_hydrophobic,std_n_hydrophobic,occ_n_hydrophobic_gt0,mean_n_polar,std_n_polar,occ_n_polar_gt0,mean_n_pos_charged,std_n_pos_charged,occ_n_pos_charged_gt0,mean_n_neg_charged,std_n_neg_charged,occ_n_neg_charged_gt0,mean_n_other,std_n_other,occ_n_other_gt0,mean_n_total,std_n_total,occ_n_total_gt0,mean_frac_hydrophobic,std_frac_hydrophobic
bind_080_binder,5.118773946360153,1.6423500342399804,0.9991848047607402,0.6161245618325589,0.7032822327407751,0.5059916850085595,1.7537295182196135,0.4964220950288414,0.9936414771337735,0.04157495720224994,0.19961583137587316,0.04157495720224994,0.0,0.0,0.0,7.530202983614576,1.6448203776456611,1.0,0.6675221328131575,0.11786141122302854
