seq_id,mean_n_hydrophobic,std_n_hydrophobic,occ_n_hydrophobic_gt0,mean_n_polar,std_n_polar,occ_n_polar_gt0,mean_n_pos_charged,std_n_pos_charged,occ_n_pos_charged_gt0,mean_n_neg_charged,std_n_neg_charged,occ_n_neg_charged_gt0,mean_n_other,std_n_other,occ_n_other_gt0,mean_n_total,std_n_total,occ_n_total_gt0,mean_frac_hydrophobic,std_frac_hydrophobic
bind_069_binder,6.879351104589549,1.0687403279309236,1.0,1.0147550338306024,0.12258238026248343,0.999755441428222,1.0397815276758784,0.19544553648434054,1.0,0.0022825466699274476,0.047721448538650325,0.0022825466699274476,0.0,0.0,0.0,8.936170212765957,1.0903214901443181,1.0,0.7668420123665907,0.03570858286048951
