seq_id,mean_n_hydrophobic,std_n_hydrophobic,occ_n_hydrophobic_gt0,mean_n_polar,std_n_polar,occ_n_polar_gt0,mean_n_pos_charged,std_n_pos_charged,occ_n_pos_charged_gt0,mean_n_neg_charged,std_n_neg_charged,occ_n_neg_charged_gt0,mean_n_other,std_n_other,occ_n_other_gt0,mean_n_total,std_n_total,occ_n_total_gt0,mean_frac_hydrophobic,std_frac_hydrophobic
bind_019_binder,5.440694546343849,1.580522734414856,1.0,1.0857585391701312,0.6727396427666396,0.8616613678976115,1.3768647591098069,0.5190394884741717,0.9933969185619956,0.09056819108176409,0.28756159677822957,0.09040515203391213,0.0,0.0,0.0,7.993886035705551,1.530072490789516,1.0,0.6716915040160334,0.11466849365366372
