seq_id,mean_n_hydrophobic,std_n_hydrophobic,occ_n_hydrophobic_gt0,mean_n_polar,std_n_polar,occ_n_polar_gt0,mean_n_pos_charged,std_n_pos_charged,occ_n_pos_charged_gt0,mean_n_neg_charged,std_n_neg_charged,occ_n_neg_charged_gt0,mean_n_other,std_n_other,occ_n_other_gt0,mean_n_total,std_n_total,occ_n_total_gt0,mean_frac_hydrophobic,std_frac_hydrophobic
nonb_024_nb,5.068802478193527,1.1448428962368797,1.0,2.8284014021358117,0.5021990405957646,0.999918480476074,0.5091709464416728,0.5722957980964889,0.4706937311486101,8.151952392598027e-05,0.00902844828822756,8.151952392598027e-05,0.0,0.0,0.0,8.406456346294938,1.2378177433464632,1.0,0.5996344309929539,0.08418690060317699
