seq_id,mean_n_hydrophobic,std_n_hydrophobic,occ_n_hydrophobic_gt0,mean_n_polar,std_n_polar,occ_n_polar_gt0,mean_n_pos_charged,std_n_pos_charged,occ_n_pos_charged_gt0,mean_n_neg_charged,std_n_neg_charged,occ_n_neg_charged_gt0,mean_n_other,std_n_other,occ_n_other_gt0,mean_n_total,std_n_total,occ_n_total_gt0,mean_frac_hydrophobic,std_frac_hydrophobic
nonb_081_nb,2.4898508192712154,1.0426420789754995,0.9852449661693976,0.9754626232982799,0.17358219282141946,0.9723648813890927,1.971223608054129,0.5485213553879471,1.0,0.11355669682889052,0.317528915977827,0.11347517730496454,0.0,0.0,0.0,5.5500937474525145,1.2597695954490533,1.0,0.43460290287142817,0.12261250575474496
