seq_id,mean_n_hydrophobic,std_n_hydrophobic,occ_n_hydrophobic_gt0,mean_n_polar,std_n_polar,occ_n_polar_gt0,mean_n_pos_charged,std_n_pos_charged,occ_n_pos_charged_gt0,mean_n_neg_charged,std_n_neg_charged,occ_n_neg_charged_gt0,mean_n_other,std_n_other,occ_n_other_gt0,mean_n_total,std_n_total,occ_n_total_gt0,mean_frac_hydrophobic,std_frac_hydrophobic
nonb_032_nb,4.224341729844298,0.9586975366497118,1.0,0.9878535909350289,0.4511870510529431,0.9067416646286786,2.2005380288579115,0.6571016226682211,0.999918480476074,0.00016303904785196053,0.01276763353644034,0.00016303904785196053,0.0,0.0,0.0,7.41289638868509,1.1952761492921902,1.0,0.568196158523867,0.0818882366282708
