seq_id,mean_n_hydrophobic,std_n_hydrophobic,occ_n_hydrophobic_gt0,mean_n_polar,std_n_polar,occ_n_polar_gt0,mean_n_pos_charged,std_n_pos_charged,occ_n_pos_charged_gt0,mean_n_neg_charged,std_n_neg_charged,occ_n_neg_charged_gt0,mean_n_other,std_n_other,occ_n_other_gt0,mean_n_total,std_n_total,occ_n_total_gt0,mean_frac_hydrophobic,std_frac_hydrophobic
nonb_071_nb,5.660063585228662,1.2114257668363118,1.0,0.9470123094481129,0.6744204267149911,0.7483492296404989,1.2195320779326648,0.4415635929622884,0.995842504279775,0.1999673921904296,0.4066456969280546,0.19727724790087225,0.0,0.0,0.0,8.02657536479987,1.3140987409723548,1.0,0.7032866836975421,0.09248706380777345
