seq_id,mean_n_hydrophobic,std_n_hydrophobic,occ_n_hydrophobic_gt0,mean_n_polar,std_n_polar,occ_n_polar_gt0,mean_n_pos_charged,std_n_pos_charged,occ_n_pos_charged_gt0,mean_n_neg_charged,std_n_neg_charged,occ_n_neg_charged_gt0,mean_n_other,std_n_other,occ_n_other_gt0,mean_n_total,std_n_total,occ_n_total_gt0,mean_frac_hydrophobic,std_frac_hydrophobic
nonb_066_nb,5.406374826771011,1.3341652298589728,1.0,0.2359175022417869,0.5331785319265341,0.18553843645553109,1.338713621912448,0.8178754586313246,0.9014428955734899,0.44061302681992337,0.5165782306659893,0.43042308632917586,0.0,0.0,0.0,7.42161897774517,1.5633516450602196,1.0,0.7296670612884846,0.11417511952430356
