seq_id,mean_n_hydrophobic,std_n_hydrophobic,occ_n_hydrophobic_gt0,mean_n_polar,std_n_polar,occ_n_polar_gt0,mean_n_pos_charged,std_n_pos_charged,occ_n_pos_charged_gt0,mean_n_neg_charged,std_n_neg_charged,occ_n_neg_charged_gt0,mean_n_other,std_n_other,occ_n_other_gt0,mean_n_total,std_n_total,occ_n_total_gt0,mean_frac_hydrophobic,std_frac_hydrophobic
nonb_052_nb,5.345805820494008,1.4234378255800701,0.999918480476074,0.5928099779897286,0.5176501451612041,0.5796038151137197,1.7503872177386484,0.5694374780331424,0.9947012309448113,0.27276432705632997,0.4453806786804266,0.27276432705632997,0.0,0.0,0.0,7.961767343278715,1.5099752249876297,1.0,0.6646250683729286,0.09741638263572258
