seq_id,mean_n_hydrophobic,std_n_hydrophobic,occ_n_hydrophobic_gt0,mean_n_polar,std_n_polar,occ_n_polar_gt0,mean_n_pos_charged,std_n_pos_charged,occ_n_pos_charged_gt0,mean_n_neg_charged,std_n_neg_charged,occ_n_neg_charged_gt0,mean_n_other,std_n_other,occ_n_other_gt0,mean_n_total,std_n_total,occ_n_total_gt0,mean_frac_hydrophobic,std_frac_hydrophobic
nonb_048_nb,4.381511371973588,1.1102333739117438,1.0,0.08151952392598028,0.27392906051150134,0.08143800440205429,2.523599902176571,0.7439831106020907,0.9973098557104426,1.272682807532404,0.4486218863029146,0.9985326485693323,0.0,0.0,0.0,8.259313605608543,1.387506806549496,1.0,0.5295016033032663,0.09500991441372604
