seq_id,mean_n_hydrophobic,std_n_hydrophobic,occ_n_hydrophobic_gt0,mean_n_polar,std_n_polar,occ_n_polar_gt0,mean_n_pos_charged,std_n_pos_charged,occ_n_pos_charged_gt0,mean_n_neg_charged,std_n_neg_charged,occ_n_neg_charged_gt0,mean_n_other,std_n_other,occ_n_other_gt0,mean_n_total,std_n_total,occ_n_total_gt0,mean_frac_hydrophobic,std_frac_hydrophobic
nonb_022_nb,5.561832558897856,1.1726291408570393,1.0,0.6208526942202658,0.7476811728844351,0.46099290780141844,1.1141273334963724,0.7494582012541918,0.7866634058857096,0.053150729599739134,0.2243339687670027,0.053150729599739134,0.0,0.0,0.0,7.349963316214233,1.2206147389886377,1.0,0.765372161917772,0.15648795834783336
