seq_id,mean_n_hydrophobic,std_n_hydrophobic,occ_n_hydrophobic_gt0,mean_n_polar,std_n_polar,occ_n_polar_gt0,mean_n_pos_charged,std_n_pos_charged,occ_n_pos_charged_gt0,mean_n_neg_charged,std_n_neg_charged,occ_n_neg_charged_gt0,mean_n_other,std_n_other,occ_n_other_gt0,mean_n_total,std_n_total,occ_n_total_gt0,mean_frac_hydrophobic,std_frac_hydrophobic
nonb_017_nb,5.630798076139236,1.351275841506752,1.0,1.1418439716312057,0.7534162562741819,0.8869324203146653,1.4136300644004238,0.5560784160493706,0.9921741257031059,0.08608461726583516,0.28048895867044366,0.08608461726583516,0.0,0.0,0.0,8.2723567294367,1.3989438121648041,1.0,0.6775341464690939,0.10130357196378759
