seq_id,mean_n_hydrophobic,std_n_hydrophobic,occ_n_hydrophobic_gt0,mean_n_polar,std_n_polar,occ_n_polar_gt0,mean_n_pos_charged,std_n_pos_charged,occ_n_pos_charged_gt0,mean_n_neg_charged,std_n_neg_charged,occ_n_neg_charged_gt0,mean_n_other,std_n_other,occ_n_other_gt0,mean_n_total,std_n_total,occ_n_total_gt0,mean_frac_hydrophobic,std_frac_hydrophobic
nonb_116_nb,4.790087225890601,1.6691953086597762,1.0,0.7740278796771827,0.7533304377145188,0.6037335941958099,1.8248145430830685,0.5723533553142579,0.9938045161816255,0.20241297790820903,0.40200124792143604,0.20233145838428304,0.0,0.0,0.0,7.591342626559061,1.3869273024258038,1.0,0.6229441124892335,0.15071830490797794
