seq_id,mean_n_hydrophobic,std_n_hydrophobic,occ_n_hydrophobic_gt0,mean_n_polar,std_n_polar,occ_n_polar_gt0,mean_n_pos_charged,std_n_pos_charged,occ_n_pos_charged_gt0,mean_n_neg_charged,std_n_neg_charged,occ_n_neg_charged_gt0,mean_n_other,std_n_other,occ_n_other_gt0,mean_n_total,std_n_total,occ_n_total_gt0,mean_frac_hydrophobic,std_frac_hydrophobic
nonb_089_nb,2.386891660552702,1.2578217716665177,0.937963642292329,1.3507785114534931,1.0965310645006756,0.7227520991277411,1.8522866226461236,1.0321458856322512,0.9344583027635118,0.37099535338713624,0.4860992738254455,0.36960952148039455,0.0,0.0,0.0,5.960952148039455,2.734051645841488,0.9811689899730985,0.4071732836492665,0.19255491546526626
