seq_id,mean_n_hydrophobic,std_n_hydrophobic,occ_n_hydrophobic_gt0,mean_n_polar,std_n_polar,occ_n_polar_gt0,mean_n_pos_charged,std_n_pos_charged,occ_n_pos_charged_gt0,mean_n_neg_charged,std_n_neg_charged,occ_n_neg_charged_gt0,mean_n_other,std_n_other,occ_n_other_gt0,mean_n_total,std_n_total,occ_n_total_gt0,mean_frac_hydrophobic,std_frac_hydrophobic
nonb_006_nb,4.5692508355751205,1.079308848617974,1.0,1.1189369854080051,0.693838006632737,0.8163365125947665,0.8619874459933154,0.7011935198879253,0.6831336104997147,0.0004891171435558817,0.02211058361906717,0.0004891171435558817,0.0,0.0,0.0,6.5506643841199965,1.3265682523174327,1.0,0.7017143983884018,0.11504856524707881
