seq_id,mean_n_hydrophobic,std_n_hydrophobic,occ_n_hydrophobic_gt0,mean_n_polar,std_n_polar,occ_n_polar_gt0,mean_n_pos_charged,std_n_pos_charged,occ_n_pos_charged_gt0,mean_n_neg_charged,std_n_neg_charged,occ_n_neg_charged_gt0,mean_n_other,std_n_other,occ_n_other_gt0,mean_n_total,std_n_total,occ_n_total_gt0,mean_frac_hydrophobic,std_frac_hydrophobic
nonb_072_nb,4.257601695606097,1.0692184353229974,0.9993478438085922,4.157821798320698,1.1239500865488472,1.0,1.0887747615553924,0.285562531606623,1.0,0.0013043123828156843,0.0360917047536372,0.0013043123828156843,0.0,0.0,0.0,9.505502567865003,1.263336891257703,1.0,0.44789931204091143,0.09610503240002947
