seq_id,mean_n_hydrophobic,std_n_hydrophobic,occ_n_hydrophobic_gt0,mean_n_polar,std_n_polar,occ_n_polar_gt0,mean_n_pos_charged,std_n_pos_charged,occ_n_pos_charged_gt0,mean_n_neg_charged,std_n_neg_charged,occ_n_neg_charged_gt0,mean_n_other,std_n_other,occ_n_other_gt0,mean_n_total,std_n_total,occ_n_total_gt0,mean_frac_hydrophobic,std_frac_hydrophobic
nonb_014_nb,3.3157251161653214,1.413988639484936,0.9828808999755442,3.9983696095214802,0.7965835273634008,0.999836960952148,0.5737344093910491,0.7630315229223256,0.41257031058938615,8.151952392598027e-05,0.00902844828822756,8.151952392598027e-05,0.0,0.0,0.0,7.887910654601777,1.3339102796159756,1.0,0.412865091123834,0.14929361156530283
