seq_id,mean_n_hydrophobic,std_n_hydrophobic,occ_n_hydrophobic_gt0,mean_n_polar,std_n_polar,occ_n_polar_gt0,mean_n_pos_charged,std_n_pos_charged,occ_n_pos_charged_gt0,mean_n_neg_charged,std_n_neg_charged,occ_n_neg_charged_gt0,mean_n_other,std_n_other,occ_n_other_gt0,mean_n_total,std_n_total,occ_n_total_gt0,mean_frac_hydrophobic,std_frac_hydrophobic
nonb_046_nb,6.021032037172903,1.2983479835149487,1.0,1.1418439716312057,0.6844766717165833,0.8795141436374011,1.4912366511779571,0.5901150307966705,0.9864677590282873,0.17119100024455858,0.37667577793087,0.17119100024455858,0.0,0.0,0.0,8.825303660226623,1.375780257474077,1.0,0.6798768342605467,0.09221571447674032
