seq_id,mean_n_hydrophobic,std_n_hydrophobic,occ_n_hydrophobic_gt0,mean_n_polar,std_n_polar,occ_n_polar_gt0,mean_n_pos_charged,std_n_pos_charged,occ_n_pos_charged_gt0,mean_n_neg_charged,std_n_neg_charged,occ_n_neg_charged_gt0,mean_n_other,std_n_other,occ_n_other_gt0,mean_n_total,std_n_total,occ_n_total_gt0,mean_frac_hydrophobic,std_frac_hydrophobic
nonb_050_nb,3.7141110295915873,1.29909536347884,0.9982065704736285,0.5973750713295835,0.5822316380841415,0.5543327626966659,1.7414200701067906,0.7780401108876432,0.9645390070921985,0.06961767343278716,0.255141394278343,0.0694546343849352,0.0,0.0,0.0,6.122523844460749,1.749001896872427,0.9985326485693323,0.6080082389418413,0.14834594309571067
