seq_id,mean_n_hydrophobic,std_n_hydrophobic,occ_n_hydrophobic_gt0,mean_n_polar,std_n_polar,occ_n_polar_gt0,mean_n_pos_charged,std_n_pos_charged,occ_n_pos_charged_gt0,mean_n_neg_charged,std_n_neg_charged,occ_n_neg_charged_gt0,mean_n_other,std_n_other,occ_n_other_gt0,mean_n_total,std_n_total,occ_n_total_gt0,mean_frac_hydrophobic,std_frac_hydrophobic
nonb_025_nb,5.684519442406456,1.0526643554428632,1.0,0.44273253444199884,0.7882792457957829,0.2980353794733839,2.319311975218065,0.7558502567221956,0.9995924023803701,0.016629982880899976,0.12788051669539405,0.016629982880899976,0.0,0.0,0.0,8.46319393494742,1.2527017207524807,1.0,0.6729079404061062,0.08943588292451993
