seq_id,mean_n_hydrophobic,std_n_hydrophobic,occ_n_hydrophobic_gt0,mean_n_polar,std_n_polar,occ_n_polar_gt0,mean_n_pos_charged,std_n_pos_charged,occ_n_pos_charged_gt0,mean_n_neg_charged,std_n_neg_charged,occ_n_neg_charged_gt0,mean_n_other,std_n_other,occ_n_other_gt0,mean_n_total,std_n_total,occ_n_total_gt0,mean_frac_hydrophobic,std_frac_hydrophobic
nonb_074_nb,2.926958506562322,1.1613372605091623,0.9871199152196951,1.1557838102225484,0.7611724371943779,0.8066356892475748,1.883834678405478,0.4174267380755261,0.9977174533300726,0.005217249531262737,0.07204186170964266,0.005217249531262737,0.0,0.0,0.0,5.971794244721611,1.3377354820111316,1.0,0.4819170933502065,0.15123700353754466
