seq_id,mean_n_hydrophobic,std_n_hydrophobic,occ_n_hydrophobic_gt0,mean_n_polar,std_n_polar,occ_n_polar_gt0,mean_n_pos_charged,std_n_pos_charged,occ_n_pos_charged_gt0,mean_n_neg_charged,std_n_neg_charged,occ_n_neg_charged_gt0,mean_n_other,std_n_other,occ_n_other_gt0,mean_n_total,std_n_total,occ_n_total_gt0,mean_frac_hydrophobic,std_frac_hydrophobic
nonb_008_nb,4.262329827993804,1.0081522523147932,0.999918480476074,2.3363495557185945,0.5498113042623801,1.0,1.8381022254830033,0.44199454367362734,0.9980435314257765,0.7697073449091058,0.42102012790611415,0.7697073449091058,0.0,0.0,0.0,9.206488954104508,1.4318565045368612,1.0,0.46061754292373025,0.0756438096354145
