seq_id,mean_n_hydrophobic,std_n_hydrophobic,occ_n_hydrophobic_gt0,mean_n_polar,std_n_polar,occ_n_polar_gt0,mean_n_pos_charged,std_n_pos_charged,occ_n_pos_charged_gt0,mean_n_neg_charged,std_n_neg_charged,occ_n_neg_charged_gt0,mean_n_other,std_n_other,occ_n_other_gt0,mean_n_total,std_n_total,occ_n_total_gt0,mean_frac_hydrophobic,std_frac_hydrophobic
nonb_068_nb,3.856118040270645,1.370984902872007,0.9994293633325181,2.0215211543164586,0.6955305974845464,0.9773375723485774,1.7780223363495558,0.49671250056297617,0.970816010434499,0.0017119100024455857,0.04133980365929562,0.0017119100024455857,0.0,0.0,0.0,7.6573734409391045,1.3449888144222355,1.0,0.49438977460498607,0.1380314229438913
