seq_id,mean_n_hydrophobic,std_n_hydrophobic,occ_n_hydrophobic_gt0,mean_n_polar,std_n_polar,occ_n_polar_gt0,mean_n_pos_charged,std_n_pos_charged,occ_n_pos_charged_gt0,mean_n_neg_charged,std_n_neg_charged,occ_n_neg_charged_gt0,mean_n_other,std_n_other,occ_n_other_gt0,mean_n_total,std_n_total,occ_n_total_gt0,mean_frac_hydrophobic,std_frac_hydrophobic
nonb_010_nb,6.756827260128801,1.0502037098336603,1.0,0.1512187168826934,0.3710051782315268,0.1467351430667645,1.7702779815765877,0.9833804139627179,0.9130186679709791,0.9851634466454716,0.12223955225208642,0.9850004075976196,0.0,0.0,0.0,9.663487405233553,1.5341251798871292,1.0,0.7040871013174755,0.07947435042898848
