seq_id,mean_n_hydrophobic,std_n_hydrophobic,occ_n_hydrophobic_gt0,mean_n_polar,std_n_polar,occ_n_polar_gt0,mean_n_pos_charged,std_n_pos_charged,occ_n_pos_charged_gt0,mean_n_neg_charged,std_n_neg_charged,occ_n_neg_charged_gt0,mean_n_other,std_n_other,occ_n_other_gt0,mean_n_total,std_n_total,occ_n_total_gt0,mean_frac_hydrophobic,std_frac_hydrophobic
nonb_054_nb,2.693242031466536,1.2492002745224018,0.9964946604711828,3.1430667644900954,1.008721963202865,0.999918480476074,2.462541778756012,0.6995752678151095,1.0,0.4164832477378332,0.49660025286373244,0.41468981821146167,0.0,0.0,0.0,8.715333822450477,1.5061068510919453,1.0,0.2998714407066082,0.10100553400620575
