seq_id,mean_n_hydrophobic,std_n_hydrophobic,occ_n_hydrophobic_gt0,mean_n_polar,std_n_polar,occ_n_polar_gt0,mean_n_pos_charged,std_n_pos_charged,occ_n_pos_charged_gt0,mean_n_neg_charged,std_n_neg_charged,occ_n_neg_charged_gt0,mean_n_other,std_n_other,occ_n_other_gt0,mean_n_total,std_n_total,occ_n_total_gt0,mean_frac_hydrophobic,std_frac_hydrophobic
nonb_051_nb,4.787967718268526,1.2223131365171227,0.999918480476074,0.6133528980190756,0.5225128812173997,0.59541860275536,1.838917420722263,0.6403271168780642,0.999918480476074,0.3475177304964539,0.47618185337856794,0.3475177304964539,0.0,0.0,0.0,7.587755767506318,1.4413984483614852,1.0,0.6306989960756162,0.11443667031185537
