seq_id,mean_n_hydrophobic,std_n_hydrophobic,occ_n_hydrophobic_gt0,mean_n_polar,std_n_polar,occ_n_polar_gt0,mean_n_pos_charged,std_n_pos_charged,occ_n_pos_charged_gt0,mean_n_neg_charged,std_n_neg_charged,occ_n_neg_charged_gt0,mean_n_other,std_n_other,occ_n_other_gt0,mean_n_total,std_n_total,occ_n_total_gt0,mean_frac_hydrophobic,std_frac_hydrophobic
nonb_026_nb,4.49604630308959,0.872884287025432,1.0,3.728213907230782,0.6840402588951229,1.0,0.7175348495964784,0.6228089173822615,0.6383793918643516,0.00024455857177794083,0.01563645621241945,0.00024455857177794083,0.0,0.0,0.0,8.942039618488629,1.1615911736402127,1.0,0.501964353590668,0.07175813418627953
