seq_id,mean_n_hydrophobic,std_n_hydrophobic,occ_n_hydrophobic_gt0,mean_n_polar,std_n_polar,occ_n_polar_gt0,mean_n_pos_charged,std_n_pos_charged,occ_n_pos_charged_gt0,mean_n_neg_charged,std_n_neg_charged,occ_n_neg_charged_gt0,mean_n_other,std_n_other,occ_n_other_gt0,mean_n_total,std_n_total,occ_n_total_gt0,mean_frac_hydrophobic,std_frac_hydrophobic
nonb_082_nb,7.446482432542594,0.96526516144727,0.999918480476074,0.28132387706855794,0.49684348880820606,0.2589875275128393,1.4780304883019484,0.5688031894078471,0.999918480476074,0.00040759761962990136,0.02018493209823539,0.00040759761962990136,0.0,0.0,0.0,9.20624439553273,1.1725023208030045,0.999918480476074,0.8110694948919455,0.0654739750974704
