seq_id,mean_n_hydrophobic,std_n_hydrophobic,occ_n_hydrophobic_gt0,mean_n_polar,std_n_polar,occ_n_polar_gt0,mean_n_pos_charged,std_n_pos_charged,occ_n_pos_charged_gt0,mean_n_neg_charged,std_n_neg_charged,occ_n_neg_charged_gt0,mean_n_other,std_n_other,occ_n_other_gt0,mean_n_total,std_n_total,occ_n_total_gt0,mean_frac_hydrophobic,std_frac_hydrophobic
nonb_115_nb,7.509660063585229,1.3993093966369696,1.0,0.6809325833537132,0.47150568476356935,0.6784054781120078,0.9620934213744192,0.5947635303567282,0.8046792206733513,0.001222792858889704,0.0349470690690071,0.001222792858889704,0.0,0.0,0.0,9.153908861172251,1.5774202587477495,1.0,0.8224467691941403,0.08244173850290816
