seq_id,mean_n_hydrophobic,std_n_hydrophobic,occ_n_hydrophobic_gt0,mean_n_polar,std_n_polar,occ_n_polar_gt0,mean_n_pos_charged,std_n_pos_charged,occ_n_pos_charged_gt0,mean_n_neg_charged,std_n_neg_charged,occ_n_neg_charged_gt0,mean_n_other,std_n_other,occ_n_other_gt0,mean_n_total,std_n_total,occ_n_total_gt0,mean_frac_hydrophobic,std_frac_hydrophobic
nonb_080_nb,3.832232819760333,1.0751017341328069,1.0,1.070106790576343,0.5329073378259666,0.8909268769870384,1.6753892557267465,0.6634429280767296,1.0,0.0004891171435558817,0.02211058361906717,0.0004891171435558817,0.0,0.0,0.0,6.5782179832069785,1.1358990079302453,1.0,0.5787457897753814,0.11416509435201706
