seq_id,mean_n_hydrophobic,std_n_hydrophobic,occ_n_hydrophobic_gt0,mean_n_polar,std_n_polar,occ_n_polar_gt0,mean_n_pos_charged,std_n_pos_charged,occ_n_pos_charged_gt0,mean_n_neg_charged,std_n_neg_charged,occ_n_neg_charged_gt0,mean_n_other,std_n_other,occ_n_other_gt0,mean_n_total,std_n_total,occ_n_total_gt0,mean_frac_hydrophobic,std_frac_hydrophobic
nonb_073_nb,4.410613842015163,1.2168063778975082,1.0,1.3238770685579195,0.7798428817671403,0.8837531588815521,1.1343441754300154,0.5337398181108206,0.9642944485204207,0.09513328442161897,0.3822058505914002,0.06513409961685823,0.0,0.0,0.0,6.963968370424717,1.4891273027808871,1.0,0.6346868763963407,0.12530876982430714
