seq_id,mean_n_hydrophobic,std_n_hydrophobic,occ_n_hydrophobic_gt0,mean_n_polar,std_n_polar,occ_n_polar_gt0,mean_n_pos_charged,std_n_pos_charged,occ_n_pos_charged_gt0,mean_n_neg_charged,std_n_neg_charged,occ_n_neg_charged_gt0,mean_n_other,std_n_other,occ_n_other_gt0,mean_n_total,std_n_total,occ_n_total_gt0,mean_frac_hydrophobic,std_frac_hydrophobic
nonb_053_nb,4.3056166951985,1.1811970462324535,0.999918480476074,1.4022988505747127,0.6960775388096951,0.9580989647020461,1.892231189369854,0.41938143555135865,0.999918480476074,0.11355669682889052,0.31727208108215565,0.11355669682889052,0.0,0.0,0.0,7.7137034319719575,1.339631932999296,1.0,0.5531398220992254,0.09636916264303419
