seq_id,mean_n_hydrophobic,std_n_hydrophobic,occ_n_hydrophobic_gt0,mean_n_polar,std_n_polar,occ_n_polar_gt0,mean_n_pos_charged,std_n_pos_charged,occ_n_pos_charged_gt0,mean_n_neg_charged,std_n_neg_charged,occ_n_neg_charged_gt0,mean_n_other,std_n_other,occ_n_other_gt0,mean_n_total,std_n_total,occ_n_total_gt0,mean_frac_hydrophobic,std_frac_hydrophobic
nonb_056_nb,4.0811934458302765,1.2968577423561574,0.9995924023803701,1.0882041248879106,1.2333033625432923,0.5812342055922394,1.566723730333415,0.9721874809640147,0.8556289231270889,0.003912937148447053,0.06243097044992458,0.003912937148447053,0.0,0.0,0.0,6.740034238200049,1.7586031919481573,0.999918480476074,0.6089554031287951,0.1367278524081905
