seq_id,mean_n_hydrophobic,std_n_hydrophobic,occ_n_hydrophobic_gt0,mean_n_polar,std_n_polar,occ_n_polar_gt0,mean_n_pos_charged,std_n_pos_charged,occ_n_pos_charged_gt0,mean_n_neg_charged,std_n_neg_charged,occ_n_neg_charged_gt0,mean_n_other,std_n_other,occ_n_other_gt0,mean_n_total,std_n_total,occ_n_total_gt0,mean_frac_hydrophobic,std_frac_hydrophobic
nonb_029_nb,4.3696095214803945,1.4637320969199215,0.999673921904296,1.9695932175756095,0.9444356903166343,0.9535338713621913,1.1500774435477297,0.5326777753277172,0.9419580989647021,0.06961767343278716,0.254501577556197,0.06961767343278716,0.0,0.0,0.0,7.558897856036521,1.4123157273156106,1.0,0.5716165832392293,0.13560260519225004
