seq_id,mean_n_hydrophobic,std_n_hydrophobic,occ_n_hydrophobic_gt0,mean_n_polar,std_n_polar,occ_n_polar_gt0,mean_n_pos_charged,std_n_pos_charged,occ_n_pos_charged_gt0,mean_n_neg_charged,std_n_neg_charged,occ_n_neg_charged_gt0,mean_n_other,std_n_other,occ_n_other_gt0,mean_n_total,std_n_total,occ_n_total_gt0,mean_frac_hydrophobic,std_frac_hydrophobic
nonb_011_nb,4.859623379799462,1.5585178421146386,0.999918480476074,0.6672373033341485,0.9404569824271802,0.40719002201027144,1.0794815358278307,0.4896837021945734,0.9302192875193609,0.3859134262655906,0.4868102851147901,0.3859134262655906,0.0,0.0,0.0,6.992255645227032,1.6366896775811806,1.0,0.6876671076719989,0.1387027467957713
