seq_id,mean_n_hydrophobic,std_n_hydrophobic,occ_n_hydrophobic_gt0,mean_n_polar,std_n_polar,occ_n_polar_gt0,mean_n_pos_charged,std_n_pos_charged,occ_n_pos_charged_gt0,mean_n_neg_charged,std_n_neg_charged,occ_n_neg_charged_gt0,mean_n_other,std_n_other,occ_n_other_gt0,mean_n_total,std_n_total,occ_n_total_gt0,mean_frac_hydrophobic,std_frac_hydrophobic
nonb_085_nb,6.867938371239912,1.7055159210796658,0.9986141680932583,0.06823184152604549,0.26537501264774804,0.06586777533219206,1.529224749327464,0.5809587575400766,0.9954349066601451,0.9797016385424309,0.30188474935149295,0.9440776065867775,0.0,0.0,0.0,9.445096600635852,1.8194302093866497,0.9986956876171843,0.718660233456027,0.08666336444904939
