seq_id,mean_n_hydrophobic,std_n_hydrophobic,occ_n_hydrophobic_gt0,mean_n_polar,std_n_polar,occ_n_polar_gt0,mean_n_pos_charged,std_n_pos_charged,occ_n_pos_charged_gt0,mean_n_neg_charged,std_n_neg_charged,occ_n_neg_charged_gt0,mean_n_other,std_n_other,occ_n_other_gt0,mean_n_total,std_n_total,occ_n_total_gt0,mean_frac_hydrophobic,std_frac_hydrophobic
pair_3101_binder,4.438982636341404,1.148935181150428,0.999918480476074,1.8983451536643026,0.43696452577950884,0.9934784380859216,1.3069210075813158,0.8188614956480069,0.7722344501508112,0.025923208608461725,0.1589062486622345,0.025923208608461725,0.0,0.0,0.0,7.670172006195484,1.5810361226380645,1.0,0.5787150977967804,0.09715837086452565
