seq_id,mean_n_hydrophobic,std_n_hydrophobic,occ_n_hydrophobic_gt0,mean_n_polar,std_n_polar,occ_n_polar_gt0,mean_n_pos_charged,std_n_pos_charged,occ_n_pos_charged_gt0,mean_n_neg_charged,std_n_neg_charged,occ_n_neg_charged_gt0,mean_n_other,std_n_other,occ_n_other_gt0,mean_n_total,std_n_total,occ_n_total_gt0,mean_frac_hydrophobic,std_frac_hydrophobic
pair_0008_low_pkt,4.123991195891416,0.8750227094631507,1.0,0.019238607646531344,0.13736259906668252,0.019238607646531344,1.9933969185619955,0.10776683737095683,1.0,0.28295426754707753,0.4504344014659343,0.28295426754707753,0.0,0.0,0.0,6.41958098964702,0.9610247922735264,1.0,0.6388634302121708,0.07212860005141486
