seq_id,mean_n_hydrophobic,std_n_hydrophobic,occ_n_hydrophobic_gt0,mean_n_polar,std_n_polar,occ_n_polar_gt0,mean_n_pos_charged,std_n_pos_charged,occ_n_pos_charged_gt0,mean_n_neg_charged,std_n_neg_charged,occ_n_neg_charged_gt0,mean_n_other,std_n_other,occ_n_other_gt0,mean_n_total,std_n_total,occ_n_total_gt0,mean_frac_hydrophobic,std_frac_hydrophobic
pair_1792_nb,4.653949620934214,1.100775871570349,1.0,0.9573652889867124,0.4954099287300484,0.8616613678976115,1.3127088937800604,0.6417734891190814,0.9357626151463275,0.016956060976603897,0.12910675029897387,0.016956060976603897,0.0,0.0,0.0,6.94097986467759,1.2076111653455355,1.0,0.6714254718045376,0.11291494110749337
