seq_id,mean_n_hydrophobic,std_n_hydrophobic,occ_n_hydrophobic_gt0,mean_n_polar,std_n_polar,occ_n_polar_gt0,mean_n_pos_charged,std_n_pos_charged,occ_n_pos_charged_gt0,mean_n_neg_charged,std_n_neg_charged,occ_n_neg_charged_gt0,mean_n_other,std_n_other,occ_n_other_gt0,mean_n_total,std_n_total,occ_n_total_gt0,mean_frac_hydrophobic,std_frac_hydrophobic
pair_1758_nb,4.6711502404825955,0.9010478248650062,1.0,1.1565174859378822,0.5810438898008388,0.8976114779489688,2.045243335778919,0.37769060821816974,0.999673921904296,0.27953044754218637,0.4487685109709139,0.27953044754218637,0.0,0.0,0.0,8.152441509741584,1.1300433587819063,1.0,0.5719675678161861,0.07152499027727784
