seq_id,mean_n_hydrophobic,std_n_hydrophobic,occ_n_hydrophobic_gt0,mean_n_polar,std_n_polar,occ_n_polar_gt0,mean_n_pos_charged,std_n_pos_charged,occ_n_pos_charged_gt0,mean_n_neg_charged,std_n_neg_charged,occ_n_neg_charged_gt0,mean_n_other,std_n_other,occ_n_other_gt0,mean_n_total,std_n_total,occ_n_total_gt0,mean_frac_hydrophobic,std_frac_hydrophobic
pair_3071_binder,5.148610092117062,1.2764231417087126,0.999918480476074,1.4358033749082906,1.6155828750726824,0.5738974484389011,1.2557267465558002,0.49409863736194687,0.9736691937719084,0.5028124235754463,0.49999209021106744,0.5028124235754463,0.0,0.0,0.0,8.3429526371566,1.5650925904304764,1.0,0.6269697728428469,0.15110094132610097
