seq_id,mean_n_hydrophobic,std_n_hydrophobic,occ_n_hydrophobic_gt0,mean_n_polar,std_n_polar,occ_n_polar_gt0,mean_n_pos_charged,std_n_pos_charged,occ_n_pos_charged_gt0,mean_n_neg_charged,std_n_neg_charged,occ_n_neg_charged_gt0,mean_n_other,std_n_other,occ_n_other_gt0,mean_n_total,std_n_total,occ_n_total_gt0,mean_frac_hydrophobic,std_frac_hydrophobic
pair_3087_binder,4.34050705143882,0.8862371713993974,1.0,1.8049237792451291,0.4794788246009349,0.9992663242846662,2.18129942121138,0.7693478740057266,0.9990217657128883,0.16214233308877476,0.3685813301149471,0.16214233308877476,0.0,0.0,0.0,8.488872584984104,1.3184925815200719,1.0,0.5130837675408475,0.08354232573042107
