seq_id,mean_n_hydrophobic,std_n_hydrophobic,occ_n_hydrophobic_gt0,mean_n_polar,std_n_polar,occ_n_polar_gt0,mean_n_pos_charged,std_n_pos_charged,occ_n_pos_charged_gt0,mean_n_neg_charged,std_n_neg_charged,occ_n_neg_charged_gt0,mean_n_other,std_n_other,occ_n_other_gt0,mean_n_total,std_n_total,occ_n_total_gt0,mean_frac_hydrophobic,std_frac_hydrophobic
pair_3085_binder,3.8081845602021684,1.2453764910907392,0.9969022580908128,1.1173065949294856,0.4700360328410438,0.9529632346947093,1.0268199233716475,0.4892399101385238,0.8933724627048178,0.5452840955408821,0.49794512819290065,0.5452840955408821,0.0,0.0,0.0,6.497595174044184,1.5191685485157889,1.0,0.577512523073785,0.11412835570674021
