seq_id,mean_n_hydrophobic,std_n_hydrophobic,occ_n_hydrophobic_gt0,mean_n_polar,std_n_polar,occ_n_polar_gt0,mean_n_pos_charged,std_n_pos_charged,occ_n_pos_charged_gt0,mean_n_neg_charged,std_n_neg_charged,occ_n_neg_charged_gt0,mean_n_other,std_n_other,occ_n_other_gt0,mean_n_total,std_n_total,occ_n_total_gt0,mean_frac_hydrophobic,std_frac_hydrophobic
pair_3066_binder,4.510312219776637,1.35219736703854,0.999836960952148,1.3496372381185293,0.8168662013720274,0.9924186842748839,0.8193527349800277,0.38704942860976776,0.8184560202168419,0.16556615309366593,0.371690734406214,0.16556615309366593,0.0,0.0,0.0,6.84486834596886,1.428659605901427,1.0,0.6542778734268095,0.1146537501045167
