seq_id,mean_n_hydrophobic,std_n_hydrophobic,occ_n_hydrophobic_gt0,mean_n_polar,std_n_polar,occ_n_polar_gt0,mean_n_pos_charged,std_n_pos_charged,occ_n_pos_charged_gt0,mean_n_neg_charged,std_n_neg_charged,occ_n_neg_charged_gt0,mean_n_other,std_n_other,occ_n_other_gt0,mean_n_total,std_n_total,occ_n_total_gt0,mean_frac_hydrophobic,std_frac_hydrophobic
pair_0450_nb,2.942365696584332,0.9941646219964481,0.9930708404662917,1.7575609358441346,0.5182718478346716,0.9702453737670172,1.6072389337246271,0.7872008034621718,0.9360071737181055,0.003668378576669112,0.06045594739384495,0.003668378576669112,0.0,0.0,0.0,6.310833944729763,1.1446954713993711,1.0,0.4614380185179891,0.12298382983240189
