seq_id,mean_n_hydrophobic,std_n_hydrophobic,occ_n_hydrophobic_gt0,mean_n_polar,std_n_polar,occ_n_polar_gt0,mean_n_pos_charged,std_n_pos_charged,occ_n_pos_charged_gt0,mean_n_neg_charged,std_n_neg_charged,occ_n_neg_charged_gt0,mean_n_other,std_n_other,occ_n_other_gt0,mean_n_total,std_n_total,occ_n_total_gt0,mean_frac_hydrophobic,std_frac_hydrophobic
pair_3092_binder,3.6753077362028206,0.8036027294678453,0.999836960952148,2.6919377190837204,0.9359025812076589,0.9731800766283525,1.2913507785114535,0.47353643850086885,0.9965761799951088,0.04809651911632836,0.2139701941047421,0.04809651911632836,0.0,0.0,0.0,7.706692752914323,1.2277424296098234,1.0,0.47782731882756335,0.08117811975885295
