seq_id,mean_n_hydrophobic,std_n_hydrophobic,occ_n_hydrophobic_gt0,mean_n_polar,std_n_polar,occ_n_polar_gt0,mean_n_pos_charged,std_n_pos_charged,occ_n_pos_charged_gt0,mean_n_neg_charged,std_n_neg_charged,occ_n_neg_charged_gt0,mean_n_other,std_n_other,occ_n_other_gt0,mean_n_total,std_n_total,occ_n_total_gt0,mean_frac_hydrophobic,std_frac_hydrophobic
pair_0482_low_pkt,4.634792532811608,0.8589185867024098,1.0,1.3612945300399446,0.6502467154648071,0.9277737018015815,1.9551642618407108,0.20772956659730635,1.0,0.0077443547729681254,0.08766059400961493,0.0077443547729681254,0.0,0.0,0.0,7.958995679465232,1.0734186074732135,1.0,0.5820205278630322,0.07425843924192678
