seq_id,mean_n_hydrophobic,std_n_hydrophobic,occ_n_hydrophobic_gt0,mean_n_polar,std_n_polar,occ_n_polar_gt0,mean_n_pos_charged,std_n_pos_charged,occ_n_pos_charged_gt0,mean_n_neg_charged,std_n_neg_charged,occ_n_neg_charged_gt0,mean_n_other,std_n_other,occ_n_other_gt0,mean_n_total,std_n_total,occ_n_total_gt0,mean_frac_hydrophobic,std_frac_hydrophobic
pair_1094_fail_gate,6.26118855465884,1.3585639188677838,1.0,0.14021358115268606,0.5434441941085827,0.07548707915545773,1.1663813483329257,0.4016976760092917,0.9886687861742888,0.9349474199070678,0.2466186163212033,0.9349474199070678,0.0,0.0,0.0,8.50273090405152,1.3082956875859093,1.0,0.7303656638824162,0.07718574376913342
