seq_id,mean_n_hydrophobic,std_n_hydrophobic,occ_n_hydrophobic_gt0,mean_n_polar,std_n_polar,occ_n_polar_gt0,mean_n_pos_charged,std_n_pos_charged,occ_n_pos_charged_gt0,mean_n_neg_charged,std_n_neg_charged,occ_n_neg_charged_gt0,mean_n_other,std_n_other,occ_n_other_gt0,mean_n_total,std_n_total,occ_n_total_gt0,mean_frac_hydrophobic,std_frac_hydrophobic
pair_3076_binder,3.702046140050542,1.1154143772853755,0.999755441428222,1.8588897040841281,0.42739197622626945,0.9948642699926632,1.929567131327953,0.3441798515813503,0.9993478438085922,0.03317844623787397,0.17910230859236428,0.03317844623787397,0.0,0.0,0.0,7.5236814217004975,1.2267855956825509,1.0,0.48416567355183154,0.08886563359449157
