seq_id,mean_n_hydrophobic,std_n_hydrophobic,occ_n_hydrophobic_gt0,mean_n_polar,std_n_polar,occ_n_polar_gt0,mean_n_pos_charged,std_n_pos_charged,occ_n_pos_charged_gt0,mean_n_neg_charged,std_n_neg_charged,occ_n_neg_charged_gt0,mean_n_other,std_n_other,occ_n_other_gt0,mean_n_total,std_n_total,occ_n_total_gt0,mean_frac_hydrophobic,std_frac_hydrophobic
pair_1413_low_pkt,6.273742561343441,1.5487189561283303,1.0,0.11396429444852042,0.3379091548262345,0.10736121301051602,1.1255400668460096,0.616653499826857,0.8654927855221326,1.201842341240727,0.4406800849109669,0.983451536643026,0.0,0.0,0.0,8.7150892638787,1.6661343482818247,1.0,0.717732633977437,0.10368262338855325
