seq_id,mean_n_hydrophobic,std_n_hydrophobic,occ_n_hydrophobic_gt0,mean_n_polar,std_n_polar,occ_n_polar_gt0,mean_n_pos_charged,std_n_pos_charged,occ_n_pos_charged_gt0,mean_n_neg_charged,std_n_neg_charged,occ_n_neg_charged_gt0,mean_n_other,std_n_other,occ_n_other_gt0,mean_n_total,std_n_total,occ_n_total_gt0,mean_frac_hydrophobic,std_frac_hydrophobic
pair_3069_binder,4.524496616939757,1.1714306801151142,1.0,1.1376864759109806,0.3786130035905287,0.9920926061791799,1.3713214314828401,0.650177022479648,0.9435884894432216,0.17086492214885465,0.3763908879448605,0.17086492214885465,0.0,0.0,0.0,7.204369446482432,1.5420691158438187,1.0,0.6283993168683802,0.0957680758861708
