seq_id,mean_n_hydrophobic,std_n_hydrophobic,occ_n_hydrophobic_gt0,mean_n_polar,std_n_polar,occ_n_polar_gt0,mean_n_pos_charged,std_n_pos_charged,occ_n_pos_charged_gt0,mean_n_neg_charged,std_n_neg_charged,occ_n_neg_charged_gt0,mean_n_other,std_n_other,occ_n_other_gt0,mean_n_total,std_n_total,occ_n_total_gt0,mean_frac_hydrophobic,std_frac_hydrophobic
pair_3099_binder,4.434336023477623,0.744527474154601,1.0,1.0900790739382082,0.3010081459243204,0.9989402461889623,1.846661775495231,0.3607654244882648,0.999918480476074,8.151952392598027e-05,0.00902844828822756,8.151952392598027e-05,0.0,0.0,0.0,7.371158392434988,0.7776906783335065,1.0,0.5985958585493923,0.05340743253426338
