seq_id,mean_n_hydrophobic,std_n_hydrophobic,occ_n_hydrophobic_gt0,mean_n_polar,std_n_polar,occ_n_polar_gt0,mean_n_pos_charged,std_n_pos_charged,occ_n_pos_charged_gt0,mean_n_neg_charged,std_n_neg_charged,occ_n_neg_charged_gt0,mean_n_other,std_n_other,occ_n_other_gt0,mean_n_total,std_n_total,occ_n_total_gt0,mean_frac_hydrophobic,std_frac_hydrophobic
pair_0977_nb,8.105730822531996,1.1964413935019051,1.0,0.9689410613842016,0.20847897465144852,0.9622564604222711,0.12464335208282383,0.3555130460850753,0.11600228254666993,0.0011412733349637238,0.03376345406113872,0.0011412733349637238,0.0,0.0,0.0,9.200456509333986,1.1816398431693695,1.0,0.879820689939301,0.0461274345674358
