seq_id,mean_n_hydrophobic,std_n_hydrophobic,occ_n_hydrophobic_gt0,mean_n_polar,std_n_polar,occ_n_polar_gt0,mean_n_pos_charged,std_n_pos_charged,occ_n_pos_charged_gt0,mean_n_neg_charged,std_n_neg_charged,occ_n_neg_charged_gt0,mean_n_other,std_n_other,occ_n_other_gt0,mean_n_total,std_n_total,occ_n_total_gt0,mean_frac_hydrophobic,std_frac_hydrophobic
pair_3072_binder,4.431401320616287,1.2057788698237308,0.999836960952148,1.8869324203146653,0.3692085206014596,0.991929567131328,0.3086329175837613,0.4734334345245654,0.3032526290046466,0.37833211054047444,0.48497105550173264,0.37833211054047444,0.0,0.0,0.0,7.005298769055189,1.2923720241346568,1.0,0.6275601659375197,0.1069890656024719
