seq_id,mean_n_hydrophobic,std_n_hydrophobic,occ_n_hydrophobic_gt0,mean_n_polar,std_n_polar,occ_n_polar_gt0,mean_n_pos_charged,std_n_pos_charged,occ_n_pos_charged_gt0,mean_n_neg_charged,std_n_neg_charged,occ_n_neg_charged_gt0,mean_n_other,std_n_other,occ_n_other_gt0,mean_n_total,std_n_total,occ_n_total_gt0,mean_frac_hydrophobic,std_frac_hydrophobic
pair_3061_binder,4.0266568843237955,1.46384606163073,0.9982065704736285,3.000652156191408,1.1759663169379604,0.9952718676122931,0.8049237792451293,0.4393781041724211,0.7869079644574876,0.0025271052417053883,0.05020676230153398,0.0025271052417053883,0.0,0.0,0.0,7.834759925002038,1.2881200053253088,1.0,0.5081176884490652,0.15287521664694434
