seq_id,mean_n_hydrophobic,std_n_hydrophobic,occ_n_hydrophobic_gt0,mean_n_polar,std_n_polar,occ_n_polar_gt0,mean_n_pos_charged,std_n_pos_charged,occ_n_pos_charged_gt0,mean_n_neg_charged,std_n_neg_charged,occ_n_neg_charged_gt0,mean_n_other,std_n_other,occ_n_other_gt0,mean_n_total,std_n_total,occ_n_total_gt0,mean_frac_hydrophobic,std_frac_hydrophobic
pair_3062_binder,4.674329501915709,1.1715892501943188,0.999918480476074,1.1259476644656394,0.4735104896173501,0.9845112904540637,1.4406130268199233,0.5024993852603518,0.9980435314257765,0.7363658596233797,0.4406032006289795,0.7363658596233797,0.0,0.0,0.0,7.977256052824652,1.347341867648332,1.0,0.5814235561545417,0.08777870683496265
