seq_id,mean_n_hydrophobic,std_n_hydrophobic,occ_n_hydrophobic_gt0,mean_n_polar,std_n_polar,occ_n_polar_gt0,mean_n_pos_charged,std_n_pos_charged,occ_n_pos_charged_gt0,mean_n_neg_charged,std_n_neg_charged,occ_n_neg_charged_gt0,mean_n_other,std_n_other,occ_n_other_gt0,mean_n_total,std_n_total,occ_n_total_gt0,mean_frac_hydrophobic,std_frac_hydrophobic
pair_1941_fail_gate,4.4403684682481455,1.0537494934700877,0.999836960952148,0.5067253607238934,0.5915215176613489,0.4607483492296405,1.7095459362517322,0.5983668550299325,0.9841036928344339,0.001467351430667645,0.038277908909011255,0.001467351430667645,0.0,0.0,0.0,6.658107116654438,1.1491842938486387,1.0,0.6654219088249413,0.1050536234933698
