seq_id,mean_n_hydrophobic,std_n_hydrophobic,occ_n_hydrophobic_gt0,mean_n_polar,std_n_polar,occ_n_polar_gt0,mean_n_pos_charged,std_n_pos_charged,occ_n_pos_charged_gt0,mean_n_neg_charged,std_n_neg_charged,occ_n_neg_charged_gt0,mean_n_other,std_n_other,occ_n_other_gt0,mean_n_total,std_n_total,occ_n_total_gt0,mean_frac_hydrophobic,std_frac_hydrophobic
pair_0584_nb,7.469226379717942,0.9943646938619054,1.0,0.0046466128637808754,0.06800751320754952,0.0046466128637808754,1.2213255074590363,0.5278655002995695,0.9490502975462624,0.970979049482351,0.16786522852783164,0.970979049482351,0.0,0.0,0.0,9.66617754952311,1.128204594630192,1.0,0.7728487276787595,0.05262329370044026
