seq_id,mean_n_hydrophobic,std_n_hydrophobic,occ_n_hydrophobic_gt0,mean_n_polar,std_n_polar,occ_n_polar_gt0,mean_n_pos_charged,std_n_pos_charged,occ_n_pos_charged_gt0,mean_n_neg_charged,std_n_neg_charged,occ_n_neg_charged_gt0,mean_n_other,std_n_other,occ_n_other_gt0,mean_n_total,std_n_total,occ_n_total_gt0,mean_frac_hydrophobic,std_frac_hydrophobic
pair_3063_binder,2.532648569332355,1.4374168839548611,0.9019320127170457,1.9640498899486427,1.109521623392865,0.9614412651830113,1.4019727724790088,0.7121253716518989,0.9020950517648977,0.0006521561914078421,0.025529020422057923,0.0006521561914078421,0.0,0.0,0.0,5.899323387951414,1.8645033490387375,1.0,0.405857463053599,0.1961242582078755
