seq_id,mean_n_hydrophobic,std_n_hydrophobic,occ_n_hydrophobic_gt0,mean_n_polar,std_n_polar,occ_n_polar_gt0,mean_n_pos_charged,std_n_pos_charged,occ_n_pos_charged_gt0,mean_n_neg_charged,std_n_neg_charged,occ_n_neg_charged_gt0,mean_n_other,std_n_other,occ_n_other_gt0,mean_n_total,std_n_total,occ_n_total_gt0,mean_frac_hydrophobic,std_frac_hydrophobic
pair_0567_nb,4.651504035216434,1.0901778719530812,1.0,0.7970163854243091,0.4447616174590176,0.7790005706366675,1.2883345561261923,0.5531327792150954,0.9496209342137442,0.016956060976603897,0.12910675029897387,0.016956060976603897,0.0,0.0,0.0,6.75381103774354,1.1906578189122237,1.0,0.6873937525930679,0.10245719421760126
