seq_id,mean_n_hydrophobic,std_n_hydrophobic,occ_n_hydrophobic_gt0,mean_n_polar,std_n_polar,occ_n_polar_gt0,mean_n_pos_charged,std_n_pos_charged,occ_n_pos_charged_gt0,mean_n_neg_charged,std_n_neg_charged,occ_n_neg_charged_gt0,mean_n_other,std_n_other,occ_n_other_gt0,mean_n_total,std_n_total,occ_n_total_gt0,mean_frac_hydrophobic,std_frac_hydrophobic
pair_0091_nb,5.313279530447542,0.983563741218156,1.0,0.9762778185375397,0.2002885432213392,0.9681258661449417,1.4596070758946769,0.5488105895354578,0.9814950680688025,8.151952392598027e-05,0.00902844828822756,8.151952392598027e-05,0.0,0.0,0.0,7.749245944403684,1.1919638161684443,1.0,0.684758175214277,0.06784261148747749
