seq_id,mean_n_hydrophobic,std_n_hydrophobic,occ_n_hydrophobic_gt0,mean_n_polar,std_n_polar,occ_n_polar_gt0,mean_n_pos_charged,std_n_pos_charged,occ_n_pos_charged_gt0,mean_n_neg_charged,std_n_neg_charged,occ_n_neg_charged_gt0,mean_n_other,std_n_other,occ_n_other_gt0,mean_n_total,std_n_total,occ_n_total_gt0,mean_frac_hydrophobic,std_frac_hydrophobic
pair_1102_nb,5.477948968778023,1.3147638548937348,1.0,0.5149588326404174,0.538257187643385,0.49498654927855223,0.991603489035624,0.40439978130937154,0.9185619955979457,8.151952392598027e-05,0.00902844828822756,8.151952392598027e-05,0.0,0.0,0.0,6.98459280997799,1.2400114666240967,1.0,0.7810879174537771,0.10779930202566525
