seq_id,mean_n_hydrophobic,std_n_hydrophobic,occ_n_hydrophobic_gt0,mean_n_polar,std_n_polar,occ_n_polar_gt0,mean_n_pos_charged,std_n_pos_charged,occ_n_pos_charged_gt0,mean_n_neg_charged,std_n_neg_charged,occ_n_neg_charged_gt0,mean_n_other,std_n_other,occ_n_other_gt0,mean_n_total,std_n_total,occ_n_total_gt0,mean_frac_hydrophobic,std_frac_hydrophobic
pair_0947_low_pkt,3.938371239911959,0.4998906424285829,1.0,2.9605445504198253,0.6153456972216498,0.9867123176000652,1.4975136545202576,0.5016215790460724,0.999673921904296,0.4887095459362517,0.49987250939317956,0.4887095459362517,0.0,0.0,0.0,8.885138990788294,0.990834364603619,1.0,0.44877371050640796,0.07961855509324402
