seq_id,mean_n_hydrophobic,std_n_hydrophobic,occ_n_hydrophobic_gt0,mean_n_polar,std_n_polar,occ_n_polar_gt0,mean_n_pos_charged,std_n_pos_charged,occ_n_pos_charged_gt0,mean_n_neg_charged,std_n_neg_charged,occ_n_neg_charged_gt0,mean_n_other,std_n_other,occ_n_other_gt0,mean_n_total,std_n_total,occ_n_total_gt0,mean_frac_hydrophobic,std_frac_hydrophobic
pair_0948_low_pkt,5.540148365533545,1.178216487865469,1.0,0.5138175593054537,0.6617825445537248,0.41974402869487243,1.3670824162386892,0.5077076002897345,0.9995108828564441,0.8282383630879596,0.689336864465437,0.6617754952311079,0.0,0.0,0.0,8.249286704165648,1.1302145620535673,1.0,0.6678378074196122,0.09179512538053985
