seq_id,mean_n_hydrophobic,std_n_hydrophobic,occ_n_hydrophobic_gt0,mean_n_polar,std_n_polar,occ_n_polar_gt0,mean_n_pos_charged,std_n_pos_charged,occ_n_pos_charged_gt0,mean_n_neg_charged,std_n_neg_charged,occ_n_neg_charged_gt0,mean_n_other,std_n_other,occ_n_other_gt0,mean_n_total,std_n_total,occ_n_total_gt0,mean_frac_hydrophobic,std_frac_hydrophobic
pair_1739_fail_gate,5.021195076220755,1.2560277516452902,1.0,1.2985244966169398,0.5149436628427551,0.9739137523436863,1.5532730088856281,0.5757197011252397,0.9578544061302682,0.9964131409472569,0.11697185328830367,0.991358930463846,0.0,0.0,0.0,8.86940572267058,1.3335408241499755,1.0,0.5618014814456487,0.10148641539349752
