seq_id,mean_n_hydrophobic,std_n_hydrophobic,occ_n_hydrophobic_gt0,mean_n_polar,std_n_polar,occ_n_polar_gt0,mean_n_pos_charged,std_n_pos_charged,occ_n_pos_charged_gt0,mean_n_neg_charged,std_n_neg_charged,occ_n_neg_charged_gt0,mean_n_other,std_n_other,occ_n_other_gt0,mean_n_total,std_n_total,occ_n_total_gt0,mean_frac_hydrophobic,std_frac_hydrophobic
pair_0263_fail_gate,4.9121219532077935,0.942431438799932,1.0,1.5597945707997065,0.6388734966893084,0.9960870628515529,2.020379880981495,0.7367704987945111,0.9995924023803701,0.00024455857177794083,0.01563645621241945,0.00024455857177794083,0.0,0.0,0.0,8.492540963560772,1.2066251280892297,1.0,0.5764551210136927,0.06201283502383056
