seq_id,mean_n_hydrophobic,std_n_hydrophobic,occ_n_hydrophobic_gt0,mean_n_polar,std_n_polar,occ_n_polar_gt0,mean_n_pos_charged,std_n_pos_charged,occ_n_pos_charged_gt0,mean_n_neg_charged,std_n_neg_charged,occ_n_neg_charged_gt0,mean_n_other,std_n_other,occ_n_other_gt0,mean_n_total,std_n_total,occ_n_total_gt0,mean_frac_hydrophobic,std_frac_hydrophobic
pair_3088_binder,3.519442406456346,1.2146396809680744,0.9994293633325181,1.8036194668623136,0.7589534749130037,0.9589956794652319,1.0364392271949132,0.20483908300452094,0.9968207385668868,0.05804190103529795,0.23382266519631206,0.05804190103529795,0.0,0.0,0.0,6.417543001548871,1.3583896817923031,1.0,0.5401526356038462,0.11759181394648255
