seq_id,mean_n_hydrophobic,std_n_hydrophobic,occ_n_hydrophobic_gt0,mean_n_polar,std_n_polar,occ_n_polar_gt0,mean_n_pos_charged,std_n_pos_charged,occ_n_pos_charged_gt0,mean_n_neg_charged,std_n_neg_charged,occ_n_neg_charged_gt0,mean_n_other,std_n_other,occ_n_other_gt0,mean_n_total,std_n_total,occ_n_total_gt0,mean_frac_hydrophobic,std_frac_hydrophobic
pair_3108_binder,3.7129697562566233,1.2806403321029114,0.999755441428222,1.9159533708323144,0.4899202395749697,0.9960055433276269,2.1878209831254587,0.477184725743604,0.9994293633325181,0.10719817396266405,0.3093650359393163,0.10719817396266405,0.0,0.0,0.0,7.923942284177061,1.32117340132385,1.0,0.457800126967405,0.10769486907354346
