seq_id,mean_n_hydrophobic,std_n_hydrophobic,occ_n_hydrophobic_gt0,mean_n_polar,std_n_polar,occ_n_polar_gt0,mean_n_pos_charged,std_n_pos_charged,occ_n_pos_charged_gt0,mean_n_neg_charged,std_n_neg_charged,occ_n_neg_charged_gt0,mean_n_other,std_n_other,occ_n_other_gt0,mean_n_total,std_n_total,occ_n_total_gt0,mean_frac_hydrophobic,std_frac_hydrophobic
pair_0502_nb,4.3312953452351834,0.8580518711181297,1.0,1.7885383549360072,0.5882929290480886,0.9982880899975544,1.1907556859867938,0.39825490517337325,0.9979620119018505,8.151952392598027e-05,0.009028448288227558,8.151952392598027e-05,0.0,0.0,0.0,7.310670905681911,1.007149512685239,1.0,0.5912484673917787,0.07728840306919812
