seq_id,mean_n_hydrophobic,std_n_hydrophobic,occ_n_hydrophobic_gt0,mean_n_polar,std_n_polar,occ_n_polar_gt0,mean_n_pos_charged,std_n_pos_charged,occ_n_pos_charged_gt0,mean_n_neg_charged,std_n_neg_charged,occ_n_neg_charged_gt0,mean_n_other,std_n_other,occ_n_other_gt0,mean_n_total,std_n_total,occ_n_total_gt0,mean_frac_hydrophobic,std_frac_hydrophobic
pair_1914_nb,3.8292981168989972,0.840337416112191,1.0,2.3778429933969187,0.5811989899204144,0.9986956876171843,0.6424553680606505,0.548147256563832,0.607157414200701,0.00040759761962990136,0.020184932098235388,0.00040759761962990136,0.0,0.0,0.0,6.850004075976196,1.12088336330192,1.0,0.5612621986674322,0.09735080301674416
