seq_id,mean_n_hydrophobic,std_n_hydrophobic,occ_n_hydrophobic_gt0,mean_n_polar,std_n_polar,occ_n_polar_gt0,mean_n_pos_charged,std_n_pos_charged,occ_n_pos_charged_gt0,mean_n_neg_charged,std_n_neg_charged,occ_n_neg_charged_gt0,mean_n_other,std_n_other,occ_n_other_gt0,mean_n_total,std_n_total,occ_n_total_gt0,mean_frac_hydrophobic,std_frac_hydrophobic
pair_0272_nb,5.3642292329012795,1.220548495994733,1.0,0.8830194831662183,0.7674564476672754,0.6466943833048014,1.1543164587918806,0.7369903116399337,0.8466617754952311,8.151952392598027e-05,0.00902844828822756,8.151952392598027e-05,0.0,0.0,0.0,7.401646694383305,1.259255673065898,1.0,0.7285147236846918,0.13236402198829417
