seq_id,mean_n_hydrophobic,std_n_hydrophobic,occ_n_hydrophobic_gt0,mean_n_polar,std_n_polar,occ_n_polar_gt0,mean_n_pos_charged,std_n_pos_charged,occ_n_pos_charged_gt0,mean_n_neg_charged,std_n_neg_charged,occ_n_neg_charged_gt0,mean_n_other,std_n_other,occ_n_other_gt0,mean_n_total,std_n_total,occ_n_total_gt0,mean_frac_hydrophobic,std_frac_hydrophobic
pair_3068_binder,3.1214640906497104,0.9582045222662838,0.9983696095214804,2.107605771582294,0.835346571864672,0.9850819271215456,1.0166299828809,0.13288242522281354,0.9993478438085922,0.023559142414608297,0.15167105598398298,0.023559142414608297,0.0,0.0,0.0,6.269258987527513,1.1692103620155545,1.0,0.4941748859638319,0.11068405983201683
