seq_id,mean_n_hydrophobic,std_n_hydrophobic,occ_n_hydrophobic_gt0,mean_n_polar,std_n_polar,occ_n_polar_gt0,mean_n_pos_charged,std_n_pos_charged,occ_n_pos_charged_gt0,mean_n_neg_charged,std_n_neg_charged,occ_n_neg_charged_gt0,mean_n_other,std_n_other,occ_n_other_gt0,mean_n_total,std_n_total,occ_n_total_gt0,mean_frac_hydrophobic,std_frac_hydrophobic
pair_3086_binder,2.7214477867449256,0.9836516053693465,0.9856525637890274,1.657699519034809,0.8188733360097555,0.9312790413303986,1.0052987690551887,0.1983578914556924,0.9829624194994702,0.015244150974158311,0.12252251562564073,0.015244150974158311,0.0,0.0,0.0,5.399690225809081,1.120349097458433,1.0,0.49858987398116766,0.1468799380504951
