seq_id,mean_n_hydrophobic,std_n_hydrophobic,occ_n_hydrophobic_gt0,mean_n_polar,std_n_polar,occ_n_polar_gt0,mean_n_pos_charged,std_n_pos_charged,occ_n_pos_charged_gt0,mean_n_neg_charged,std_n_neg_charged,occ_n_neg_charged_gt0,mean_n_other,std_n_other,occ_n_other_gt0,mean_n_total,std_n_total,occ_n_total_gt0,mean_frac_hydrophobic,std_frac_hydrophobic
pair_0647_nb,3.0893453982228745,0.9223578832821195,0.9986141680932583,2.453493111600228,0.9586807963748376,0.9982880899975544,2.1758376131083392,0.6556759890143365,0.9988587266650363,0.014102877639194588,0.11791516646084375,0.014102877639194588,0.0,0.0,0.0,7.732779000570637,1.6176970660463441,1.0,0.4004802069120973,0.09925895414940644
