seq_id,mean_n_hydrophobic,std_n_hydrophobic,occ_n_hydrophobic_gt0,mean_n_polar,std_n_polar,occ_n_polar_gt0,mean_n_pos_charged,std_n_pos_charged,occ_n_pos_charged_gt0,mean_n_neg_charged,std_n_neg_charged,occ_n_neg_charged_gt0,mean_n_other,std_n_other,occ_n_other_gt0,mean_n_total,std_n_total,occ_n_total_gt0,mean_frac_hydrophobic,std_frac_hydrophobic
pair_3104_binder,3.8866063422189616,1.2029443180652284,0.999673921904296,1.8502486345479743,0.7435440867163807,0.9886687861742888,1.2417053884405316,0.43641449534224863,0.999755441428222,0.0731230129616043,0.2603383143853808,0.0731230129616043,0.0,0.0,0.0,7.051683378169072,1.5648590837270657,1.0,0.5471097207096228,0.10255400095342355
