seq_id,mean_n_hydrophobic,std_n_hydrophobic,occ_n_hydrophobic_gt0,mean_n_polar,std_n_polar,occ_n_polar_gt0,mean_n_pos_charged,std_n_pos_charged,occ_n_pos_charged_gt0,mean_n_neg_charged,std_n_neg_charged,occ_n_neg_charged_gt0,mean_n_other,std_n_other,occ_n_other_gt0,mean_n_total,std_n_total,occ_n_total_gt0,mean_frac_hydrophobic,std_frac_hydrophobic
pair_0065_low_pkt,5.048422597212032,1.032418080820598,1.0,0.2359175022417869,0.4869918501146786,0.20836390315480557,1.6822368957365288,0.7695899174465441,0.9775821309203554,0.0006521561914078421,0.025529020422057923,0.0006521561914078421,0.0,0.0,0.0,6.967229151381756,1.2385886104978119,1.0,0.7283554135963037,0.10263084422181198
