seq_id,mean_n_hydrophobic,std_n_hydrophobic,occ_n_hydrophobic_gt0,mean_n_polar,std_n_polar,occ_n_polar_gt0,mean_n_pos_charged,std_n_pos_charged,occ_n_pos_charged_gt0,mean_n_neg_charged,std_n_neg_charged,occ_n_neg_charged_gt0,mean_n_other,std_n_other,occ_n_other_gt0,mean_n_total,std_n_total,occ_n_total_gt0,mean_frac_hydrophobic,std_frac_hydrophobic
pair_3075_binder,3.7127251976848457,1.3167111228457171,0.9993478438085922,1.3122197766365045,0.806258547538127,0.9147305779734246,1.3289312790413303,0.4903704900375348,0.9901361376049563,0.3173555066438412,0.46544708511996513,0.3173555066438412,0.0,0.0,0.0,6.671231760006521,1.484329648779175,1.0,0.5490097259967643,0.12281999225288023
