seq_id,mean_n_hydrophobic,std_n_hydrophobic,occ_n_hydrophobic_gt0,mean_n_polar,std_n_polar,occ_n_polar_gt0,mean_n_pos_charged,std_n_pos_charged,occ_n_pos_charged_gt0,mean_n_neg_charged,std_n_neg_charged,occ_n_neg_charged_gt0,mean_n_other,std_n_other,occ_n_other_gt0,mean_n_total,std_n_total,occ_n_total_gt0,mean_frac_hydrophobic,std_frac_hydrophobic
pair_3079_binder,4.998695687617184,1.1376301071165755,1.0,1.8909268769870384,0.8087753484815534,0.9594847966087878,1.2250754055596316,0.4197736257772402,0.9991032852368142,0.3562403195565338,0.4788874129467097,0.3562403195565338,0.0,0.0,0.0,8.470938289720388,1.52371512865422,1.0,0.5893087583231873,0.08565116326846609
