seq_id,mean_n_hydrophobic,std_n_hydrophobic,occ_n_hydrophobic_gt0,mean_n_polar,std_n_polar,occ_n_polar_gt0,mean_n_pos_charged,std_n_pos_charged,occ_n_pos_charged_gt0,mean_n_neg_charged,std_n_neg_charged,occ_n_neg_charged_gt0,mean_n_other,std_n_other,occ_n_other_gt0,mean_n_total,std_n_total,occ_n_total_gt0,mean_frac_hydrophobic,std_frac_hydrophobic
pair_3080_binder,3.2993396918561997,1.0780582351092116,1.0,1.6713132795304475,0.7290865685981408,0.9719572837694628,1.04116735958262,0.201528860024015,0.9995108828564441,0.0007336757153338225,0.02707651076631832,0.0007336757153338225,0.0,0.0,0.0,6.012554006684601,1.1260373488959912,1.0,0.5413718700708184,0.11862781266257148
