seq_id,mean_n_hydrophobic,std_n_hydrophobic,occ_n_hydrophobic_gt0,mean_n_polar,std_n_polar,occ_n_polar_gt0,mean_n_pos_charged,std_n_pos_charged,occ_n_pos_charged_gt0,mean_n_neg_charged,std_n_neg_charged,occ_n_neg_charged_gt0,mean_n_other,std_n_other,occ_n_other_gt0,mean_n_total,std_n_total,occ_n_total_gt0,mean_frac_hydrophobic,std_frac_hydrophobic
pair_3078_binder,4.431808918235918,1.3092626774128089,0.999755441428222,1.3358604385750388,0.5737565899637648,0.9675552294774599,1.0511127415015897,0.28450834729462937,0.9838591342626559,0.024863454797423985,0.15570890601683782,0.024863454797423985,0.0,0.0,0.0,6.84364555310997,1.3414436683132078,1.0,0.6391130587572261,0.10688758063529682
