seq_id,mean_n_hydrophobic,std_n_hydrophobic,occ_n_hydrophobic_gt0,mean_n_polar,std_n_polar,occ_n_polar_gt0,mean_n_pos_charged,std_n_pos_charged,occ_n_pos_charged_gt0,mean_n_neg_charged,std_n_neg_charged,occ_n_neg_charged_gt0,mean_n_other,std_n_other,occ_n_other_gt0,mean_n_total,std_n_total,occ_n_total_gt0,mean_frac_hydrophobic,std_frac_hydrophobic
pair_3077_binder,4.029347028613353,1.0321100163333061,1.0,1.2079563055351756,0.47300170807909986,0.979375560446727,1.3903970000815196,0.552412228434416,0.9854080052172496,0.3590935028939431,0.47973467570449896,0.3590935028939431,0.0,0.0,0.0,6.986793837123991,1.3045893058110511,1.0,0.5745190671578542,0.09301222737995515
