seq_id,mean_n_hydrophobic,std_n_hydrophobic,occ_n_hydrophobic_gt0,mean_n_polar,std_n_polar,occ_n_polar_gt0,mean_n_pos_charged,std_n_pos_charged,occ_n_pos_charged_gt0,mean_n_neg_charged,std_n_neg_charged,occ_n_neg_charged_gt0,mean_n_other,std_n_other,occ_n_other_gt0,mean_n_total,std_n_total,occ_n_total_gt0,mean_frac_hydrophobic,std_frac_hydrophobic
pair_1682_fail_gate,6.814706122116247,1.2208557956836106,0.999918480476074,0.09920926061791799,0.29894277583772455,0.09920926061791799,1.0151626314502322,0.18263662958182375,0.9907882937963642,0.9211706203635771,0.26947227787392086,0.9211706203635771,0.0,0.0,0.0,8.850248634547974,1.2367140758979578,0.999918480476074,0.7662923326594152,0.04850837284993696
