seq_id,mean_n_hydrophobic,std_n_hydrophobic,occ_n_hydrophobic_gt0,mean_n_polar,std_n_polar,occ_n_polar_gt0,mean_n_pos_charged,std_n_pos_charged,occ_n_pos_charged_gt0,mean_n_neg_charged,std_n_neg_charged,occ_n_neg_charged_gt0,mean_n_other,std_n_other,occ_n_other_gt0,mean_n_total,std_n_total,occ_n_total_gt0,mean_frac_hydrophobic,std_frac_hydrophobic
pair_3098_binder,5.620037498981006,1.3024046331859003,1.0,0.8305209097578871,0.7231317005759146,0.661367897611478,0.8476400097823429,0.46392999565060217,0.805902013532241,0.0004891171435558817,0.022110583619067165,0.0004891171435558817,0.0,0.0,0.0,7.298687535664792,1.3989016429258345,1.0,0.7712467817138885,0.12363701017605239
