seq_id,mean_n_hydrophobic,std_n_hydrophobic,occ_n_hydrophobic_gt0,mean_n_polar,std_n_polar,occ_n_polar_gt0,mean_n_pos_charged,std_n_pos_charged,occ_n_pos_charged_gt0,mean_n_neg_charged,std_n_neg_charged,occ_n_neg_charged_gt0,mean_n_other,std_n_other,occ_n_other_gt0,mean_n_total,std_n_total,occ_n_total_gt0,mean_frac_hydrophobic,std_frac_hydrophobic
pair_3059_nb,6.5613434417543,1.3112188144990142,1.0,0.0077443547729681254,0.08858565792480459,0.007662835249042145,1.8744599331539904,0.6179740523090199,0.9993478438085922,0.13727887829135077,0.3441415230198461,0.13727887829135077,0.0,0.0,0.0,8.58082660797261,1.3025490750632647,1.0,0.7642852819852086,0.09845856234454382
