seq_id,mean_n_hydrophobic,std_n_hydrophobic,occ_n_hydrophobic_gt0,mean_n_polar,std_n_polar,occ_n_polar_gt0,mean_n_pos_charged,std_n_pos_charged,occ_n_pos_charged_gt0,mean_n_neg_charged,std_n_neg_charged,occ_n_neg_charged_gt0,mean_n_other,std_n_other,occ_n_other_gt0,mean_n_total,std_n_total,occ_n_total_gt0,mean_frac_hydrophobic,std_frac_hydrophobic
pair_1784_nb,4.368957365288987,1.2895760371708966,0.999918480476074,1.8531833374093096,0.7229022684925326,0.9606260699437515,1.2218146246025923,0.4742872877017501,0.9743213499633162,0.8108747044917257,0.39160811803023465,0.8108747044917257,0.0,0.0,0.0,8.254830031792615,1.2531333946758179,1.0,0.5241717337217459,0.12435359220818426
