seq_id,mean_n_hydrophobic,std_n_hydrophobic,occ_n_hydrophobic_gt0,mean_n_polar,std_n_polar,occ_n_polar_gt0,mean_n_pos_charged,std_n_pos_charged,occ_n_pos_charged_gt0,mean_n_neg_charged,std_n_neg_charged,occ_n_neg_charged_gt0,mean_n_other,std_n_other,occ_n_other_gt0,mean_n_total,std_n_total,occ_n_total_gt0,mean_frac_hydrophobic,std_frac_hydrophobic
pair_1737_nb,4.222140702698296,0.9446086645133557,1.0,1.8694872421945057,0.34023774706141324,0.999918480476074,1.0114942528735633,0.1065933160401805,1.0,0.009619303823265672,0.09760518847490322,0.009619303823265672,0.0,0.0,0.0,7.112741501589631,1.0058554622793026,1.0,0.5878477181179553,0.06622351913798032
