seq_id,mean_n_hydrophobic,std_n_hydrophobic,occ_n_hydrophobic_gt0,mean_n_polar,std_n_polar,occ_n_polar_gt0,mean_n_pos_charged,std_n_pos_charged,occ_n_pos_charged_gt0,mean_n_neg_charged,std_n_neg_charged,occ_n_neg_charged_gt0,mean_n_other,std_n_other,occ_n_other_gt0,mean_n_total,std_n_total,occ_n_total_gt0,mean_frac_hydrophobic,std_frac_hydrophobic
pair_0932_nb,5.020216841933643,0.6849406814578007,1.0,0.780712480639113,0.44727890033315076,0.7664465639520666,1.0335045243335779,0.22358485715891027,0.9912774109399201,0.0025271052417053883,0.05020676230153399,0.0025271052417053883,0.0,0.0,0.0,6.83696095214804,0.7700432784675003,1.0,0.7349992636187306,0.0649884712728322
