seq_id,mean_n_hydrophobic,std_n_hydrophobic,occ_n_hydrophobic_gt0,mean_n_polar,std_n_polar,occ_n_polar_gt0,mean_n_pos_charged,std_n_pos_charged,occ_n_pos_charged_gt0,mean_n_neg_charged,std_n_neg_charged,occ_n_neg_charged_gt0,mean_n_other,std_n_other,occ_n_other_gt0,mean_n_total,std_n_total,occ_n_total_gt0,mean_frac_hydrophobic,std_frac_hydrophobic
pair_0940_nb,4.855465884079237,1.1046468399936937,1.0,2.722670579603815,1.759542924406711,0.9228010108420966,1.1920599983696096,0.46051447653272465,0.983125458547322,0.6231352408901932,0.4846005700067986,0.6231352408901932,0.0,0.0,0.0,9.393331702942854,1.0326524683296565,1.0,0.5189053573438509,0.11245911141290334
