seq_id,mean_n_hydrophobic,std_n_hydrophobic,occ_n_hydrophobic_gt0,mean_n_polar,std_n_polar,occ_n_polar_gt0,mean_n_pos_charged,std_n_pos_charged,occ_n_pos_charged_gt0,mean_n_neg_charged,std_n_neg_charged,occ_n_neg_charged_gt0,mean_n_other,std_n_other,occ_n_other_gt0,mean_n_total,std_n_total,occ_n_total_gt0,mean_frac_hydrophobic,std_frac_hydrophobic
pair_3091_binder,5.581967881307573,1.4820556871118018,1.0,1.0823347191652402,0.35418309082721755,0.9880981495068069,0.6963397733757235,0.4680956404836641,0.6925083557512024,0.29020950517648975,0.45385895196823733,0.29020950517648975,0.0,0.0,0.0,7.650851879025026,1.4227649475647508,1.0,0.7212626754874248,0.0914036134614201
