seq_id,mean_n_hydrophobic,std_n_hydrophobic,occ_n_hydrophobic_gt0,mean_n_polar,std_n_polar,occ_n_polar_gt0,mean_n_pos_charged,std_n_pos_charged,occ_n_pos_charged_gt0,mean_n_neg_charged,std_n_neg_charged,occ_n_neg_charged_gt0,mean_n_other,std_n_other,occ_n_other_gt0,mean_n_total,std_n_total,occ_n_total_gt0,mean_frac_hydrophobic,std_frac_hydrophobic
pair_0393_low_pkt,5.513002364066194,1.2981628233073657,0.999673921904296,1.5075405559631532,0.8506301041144217,0.9156272927366104,1.8460911388277492,0.47771057281992396,0.9929893209423657,0.6603896633243662,0.47888345803765997,0.6578625580826608,0.0,0.0,0.0,9.527023722181463,1.5743260843037938,0.999673921904296,0.5791589086710143,0.10631293714486172
