seq_id,mean_n_hydrophobic,std_n_hydrophobic,occ_n_hydrophobic_gt0,mean_n_polar,std_n_polar,occ_n_polar_gt0,mean_n_pos_charged,std_n_pos_charged,occ_n_pos_charged_gt0,mean_n_neg_charged,std_n_neg_charged,occ_n_neg_charged_gt0,mean_n_other,std_n_other,occ_n_other_gt0,mean_n_total,std_n_total,occ_n_total_gt0,mean_frac_hydrophobic,std_frac_hydrophobic
pair_1654_nb,5.627537295182196,0.9247032224997548,1.0,1.7450884486834597,0.5057661788357611,0.991358930463846,1.1465721040189125,0.3875522361070615,0.987527512839325,0.0351349148120975,0.1841207554113445,0.0351349148120975,0.0,0.0,0.0,8.554332762696665,1.0531849011160932,1.0,0.6575952124558141,0.07246823019817403
