seq_id,mean_n_hydrophobic,std_n_hydrophobic,occ_n_hydrophobic_gt0,mean_n_polar,std_n_polar,occ_n_polar_gt0,mean_n_pos_charged,std_n_pos_charged,occ_n_pos_charged_gt0,mean_n_neg_charged,std_n_neg_charged,occ_n_neg_charged_gt0,mean_n_other,std_n_other,occ_n_other_gt0,mean_n_total,std_n_total,occ_n_total_gt0,mean_frac_hydrophobic,std_frac_hydrophobic
pair_1658_nb,5.0320371729029105,1.1451447223983287,1.0,2.2707263389581804,0.9607915436459447,0.9615227847069373,0.25711257846254176,0.4370419893544384,0.25711257846254176,0.005706366674818619,0.07532465767722504,0.005706366674818619,0.0,0.0,0.0,7.5655824569984516,1.1464104243052728,1.0,0.6608889762900523,0.08748491145806579
