seq_id,mean_n_hydrophobic,std_n_hydrophobic,occ_n_hydrophobic_gt0,mean_n_polar,std_n_polar,occ_n_polar_gt0,mean_n_pos_charged,std_n_pos_charged,occ_n_pos_charged_gt0,mean_n_neg_charged,std_n_neg_charged,occ_n_neg_charged_gt0,mean_n_other,std_n_other,occ_n_other_gt0,mean_n_total,std_n_total,occ_n_total_gt0,mean_frac_hydrophobic,std_frac_hydrophobic
pair_3070_binder,3.0394554495801747,1.0147242212355418,0.999836960952148,2.391456753892557,1.2313738099521112,0.999673921904296,1.2504279775006113,0.4692105882310253,0.9845928099779897,0.22996657699519035,0.42081106266388185,0.22996657699519035,0.0,0.0,0.0,6.911306757968534,1.724515774060201,1.0,0.4364711984301126,0.08454962097757279
