seq_id,mean_n_hydrophobic,std_n_hydrophobic,occ_n_hydrophobic_gt0,mean_n_polar,std_n_polar,occ_n_polar_gt0,mean_n_pos_charged,std_n_pos_charged,occ_n_pos_charged_gt0,mean_n_neg_charged,std_n_neg_charged,occ_n_neg_charged_gt0,mean_n_other,std_n_other,occ_n_other_gt0,mean_n_total,std_n_total,occ_n_total_gt0,mean_frac_hydrophobic,std_frac_hydrophobic
seq16_binder,4.958995679465232,1.482441864525049,1.0,1.979946197114209,0.8296232778294611,0.9773375723485774,1.8279938045161817,0.5560656527349593,0.999918480476074,0.1491807287845439,0.3562665279588531,0.1491807287845439,0.0,0.0,0.0,8.916116409880166,1.6967614000972815,1.0,0.5512919043855703,0.10957566231812156
