seq_id,mean_n_hydrophobic,std_n_hydrophobic,occ_n_hydrophobic_gt0,mean_n_polar,std_n_polar,occ_n_polar_gt0,mean_n_pos_charged,std_n_pos_charged,occ_n_pos_charged_gt0,mean_n_neg_charged,std_n_neg_charged,occ_n_neg_charged_gt0,mean_n_other,std_n_other,occ_n_other_gt0,mean_n_total,std_n_total,occ_n_total_gt0,mean_frac_hydrophobic,std_frac_hydrophobic
seq10_binder,4.7095459362517325,1.3492602241341356,1.0,1.4509660063585228,0.718982735897745,0.9717127251976848,1.243417298442977,0.4713315344969043,0.9993478438085922,0.05062362435803375,0.21922790199901662,0.05062362435803375,0.0,0.0,0.0,7.454552865411266,1.6060996174859643,1.0,0.628543424728311,0.0982643250460662
