seq_id,mean_n_hydrophobic,std_n_hydrophobic,occ_n_hydrophobic_gt0,mean_n_polar,std_n_polar,occ_n_polar_gt0,mean_n_pos_charged,std_n_pos_charged,occ_n_pos_charged_gt0,mean_n_neg_charged,std_n_neg_charged,occ_n_neg_charged_gt0,mean_n_other,std_n_other,occ_n_other_gt0,mean_n_total,std_n_total,occ_n_total_gt0,mean_frac_hydrophobic,std_frac_hydrophobic
seq14_binder,6.310670905681911,1.0788220185843271,1.0,0.7257683215130024,0.6569036057429563,0.6164506399282628,1.136708241623869,0.37223919504174446,0.9899730985571045,0.10597538110377436,0.3078061073203132,0.10597538110377436,0.0,0.0,0.0,8.279122849922556,1.18040450798326,1.0,0.7625544095769089,0.08184575339911167
