seq_id,mean_n_hydrophobic,std_n_hydrophobic,occ_n_hydrophobic_gt0,mean_n_polar,std_n_polar,occ_n_polar_gt0,mean_n_pos_charged,std_n_pos_charged,occ_n_pos_charged_gt0,mean_n_neg_charged,std_n_neg_charged,occ_n_neg_charged_gt0,mean_n_other,std_n_other,occ_n_other_gt0,mean_n_total,std_n_total,occ_n_total_gt0,mean_frac_hydrophobic,std_frac_hydrophobic
seq1_nb,5.704002608624766,1.2287895078802111,1.0,1.0682318415260454,0.546514925990624,0.8936170212765957,1.1179587511208935,0.4726405263860979,0.9472568680198907,0.0011412733349637238,0.033763454061138724,0.0011412733349637238,0.0,0.0,0.0,7.891334474606668,1.466846429951882,1.0,0.7218768168327961,0.07918835439627538
