seq_id,mean_n_hydrophobic,std_n_hydrophobic,occ_n_hydrophobic_gt0,mean_n_polar,std_n_polar,occ_n_polar_gt0,mean_n_pos_charged,std_n_pos_charged,occ_n_pos_charged_gt0,mean_n_neg_charged,std_n_neg_charged,occ_n_neg_charged_gt0,mean_n_other,std_n_other,occ_n_other_gt0,mean_n_total,std_n_total,occ_n_total_gt0,mean_frac_hydrophobic,std_frac_hydrophobic
seq2_nb,5.817559305453656,0.9934036014546982,1.0,1.4927040026086247,0.617276407207534,0.9345398222874378,1.8031303497187576,0.48416346978484576,0.9646205266161245,0.00032607809570392107,0.018054688276993962,0.00032607809570392107,0.0,0.0,0.0,9.113719735876742,1.1105209515937033,1.0,0.6408425611959483,0.09478639311842549
