seq_id,mean_n_hydrophobic,std_n_hydrophobic,occ_n_hydrophobic_gt0,mean_n_polar,std_n_polar,occ_n_polar_gt0,mean_n_pos_charged,std_n_pos_charged,occ_n_pos_charged_gt0,mean_n_neg_charged,std_n_neg_charged,occ_n_neg_charged_gt0,mean_n_other,std_n_other,occ_n_other_gt0,mean_n_total,std_n_total,occ_n_total_gt0,mean_frac_hydrophobic,std_frac_hydrophobic
seq39_binder,5.528164995516426,1.449259149475593,0.999918480476074,1.577728866063422,1.1287333288732027,0.9211706203635771,1.1269258987527513,0.39986306203749017,0.979457079970653,0.516589223118937,0.4997247218982768,0.516589223118937,0.0,0.0,0.0,8.749408983451536,1.3656419165457647,1.0,0.6265747456442003,0.11839658208322819
