seq_id,mean_n_hydrophobic,std_n_hydrophobic,occ_n_hydrophobic_gt0,mean_n_polar,std_n_polar,occ_n_polar_gt0,mean_n_pos_charged,std_n_pos_charged,occ_n_pos_charged_gt0,mean_n_neg_charged,std_n_neg_charged,occ_n_neg_charged_gt0,mean_n_other,std_n_other,occ_n_other_gt0,mean_n_total,std_n_total,occ_n_total_gt0,mean_frac_hydrophobic,std_frac_hydrophobic
seq3_nb,3.6841933643107523,1.4539636723758127,0.999755441428222,2.1639357626151465,1.288349927344372,0.896714763185783,1.2856444118366348,0.645361573983331,0.8976929974728948,0.00016303904785196053,0.01276763353644034,0.00016303904785196053,0.0,0.0,0.0,7.133936577810386,2.1518710012348823,1.0,0.5161272470272226,0.13209748515082942
