seq_id,mean_n_hydrophobic,std_n_hydrophobic,occ_n_hydrophobic_gt0,mean_n_polar,std_n_polar,occ_n_polar_gt0,mean_n_pos_charged,std_n_pos_charged,occ_n_pos_charged_gt0,mean_n_neg_charged,std_n_neg_charged,occ_n_neg_charged_gt0,mean_n_other,std_n_other,occ_n_other_gt0,mean_n_total,std_n_total,occ_n_total_gt0,mean_frac_hydrophobic,std_frac_hydrophobic
seq4_nb,3.038151137197359,1.1476241853103972,0.995842504279775,0.975299584250428,0.5962790366048483,0.8461726583516752,1.6757153338224504,0.7406929439170303,0.9931523599902177,0.5033015407190022,0.5050181286966752,0.5007744354772968,0.0,0.0,0.0,6.192467595989239,1.5149208710175726,0.999836960952148,0.4878994059661705,0.13539194868118495
