seq_id,mean_n_hydrophobic,std_n_hydrophobic,occ_n_hydrophobic_gt0,mean_n_polar,std_n_polar,occ_n_polar_gt0,mean_n_pos_charged,std_n_pos_charged,occ_n_pos_charged_gt0,mean_n_neg_charged,std_n_neg_charged,occ_n_neg_charged_gt0,mean_n_other,std_n_other,occ_n_other_gt0,mean_n_total,std_n_total,occ_n_total_gt0,mean_frac_hydrophobic,std_frac_hydrophobic
seq42_binder,4.915627292736611,1.1129155814265297,1.0,1.784706937311486,0.8805948091239277,0.946034075161001,0.2086899812505095,0.4557320094809374,0.18741338550582864,0.004075976196299014,0.0637131274883459,0.004075976196299014,0.0,0.0,0.0,6.913100187494905,1.3212143293723055,1.0,0.7186990466215215,0.1387153443893304
