seq_id,mean_n_hydrophobic,std_n_hydrophobic,occ_n_hydrophobic_gt0,mean_n_polar,std_n_polar,occ_n_polar_gt0,mean_n_pos_charged,std_n_pos_charged,occ_n_pos_charged_gt0,mean_n_neg_charged,std_n_neg_charged,occ_n_neg_charged_gt0,mean_n_other,std_n_other,occ_n_other_gt0,mean_n_total,std_n_total,occ_n_total_gt0,mean_frac_hydrophobic,std_frac_hydrophobic
seq5_nb,4.637890274720796,1.126740878354208,0.999836960952148,3.1643433602347764,0.995247686553869,0.9966576995190348,1.0926876987038396,0.6247271573085388,0.8494334393087144,0.09382897203880329,0.3049819820738445,0.08983451536643026,0.0,0.0,0.0,8.988750305698215,1.4560893728383788,0.999918480476074,0.51684787817094,0.10366966868428025
