seq_id,mean_n_hydrophobic,std_n_hydrophobic,occ_n_hydrophobic_gt0,mean_n_polar,std_n_polar,occ_n_polar_gt0,mean_n_pos_charged,std_n_pos_charged,occ_n_pos_charged_gt0,mean_n_neg_charged,std_n_neg_charged,occ_n_neg_charged_gt0,mean_n_other,std_n_other,occ_n_other_gt0,mean_n_total,std_n_total,occ_n_total_gt0,mean_frac_hydrophobic,std_frac_hydrophobic
seq6_nb,4.311078503301541,0.9537663273432471,1.0,3.794733838754382,0.48311674977928587,1.0,0.9585065623216761,0.2074427951629032,0.9568761718431564,0.0019564685742235266,0.044188695442857355,0.0019564685742235266,0.0,0.0,0.0,9.066275372951822,1.138244008544611,1.0,0.4711683753870108,0.061875644195557127
