seq_id,mean_n_hydrophobic,std_n_hydrophobic,occ_n_hydrophobic_gt0,mean_n_polar,std_n_polar,occ_n_polar_gt0,mean_n_pos_charged,std_n_pos_charged,occ_n_pos_charged_gt0,mean_n_neg_charged,std_n_neg_charged,occ_n_neg_charged_gt0,mean_n_other,std_n_other,occ_n_other_gt0,mean_n_total,std_n_total,occ_n_total_gt0,mean_frac_hydrophobic,std_frac_hydrophobic
seq7_nb,5.9145675389255725,1.5814730619890998,0.9968207385668868,1.08274231678487,0.5663750309393829,0.8906007988913345,0.8697318007662835,0.6945637478582941,0.685986793837124,0.049889948642699924,0.21995266753154064,0.049400831499144045,0.0,0.0,0.0,7.9169316051194265,1.8793899898558966,0.9984511290454063,0.7458382023128904,0.10796234057129966
