feature,mean_core,mean_tail,wilcoxon_p
mean_n_hydrophobic,11.163240101185583,4.857903866939862,2.0175840435221867e-33
mean_n_total,13.669750892385357,7.854947200268973,2.0493534788934417e-33
mean_frac_hydrophobic,0.8189315069285882,0.6155167416215924,7.677011601200743e-33
mean_n_polar,1.083413902500115,1.6077284732491357,1.0121322104874298e-10
mean_n_neg_charged,0.20227612647944207,0.16715810690546393,0.028118312334014767
mean_n_pos_charged,1.2208207622202203,1.2221567531745097,0.904219905806874
