feature_a,feature_b,n,spearman_rho,spearman_p,pearson_r,pearson_p
pocket_water_density_mean,pocket_vol_mean,193,0.1273018935954276,0.07769313249713879,-0.15098795679528432,0.03608245050313452
pocket_water_density_mean,mean_W_score,127,0.45806383577052867,6.129573127921802e-08,0.4058104885650744,2.208640840763335e-06
