feature_kind,n_regions_tested,n_regions_significant,top_region,top_region_p,top_region_q,top_region_d
mean,5,3,Gate,0.00024004632657080466,0.001800347449281035,-0.526257299602457
late_mean,5,3,Gate,7.09680111457503e-05,0.0010645201671862544,-0.6049161339700244
slope,5,1,Gate,0.009974889944671255,0.025890150674288178,-0.4523542312395337
