seq_id,mean_n_hydrophobic,std_n_hydrophobic,occ_n_hydrophobic_gt0,mean_n_polar,std_n_polar,occ_n_polar_gt0,mean_n_pos_charged,std_n_pos_charged,occ_n_pos_charged_gt0,mean_n_neg_charged,std_n_neg_charged,occ_n_neg_charged_gt0,mean_n_other,std_n_other,occ_n_other_gt0,mean_n_total,std_n_total,occ_n_total_gt0,mean_frac_hydrophobic,std_frac_hydrophobic
bind_088_binder,12.330072552376294,1.5959958515760666,1.0,4.937229966576995,1.409816261934786,1.0,0.6806880247819352,0.577438862366397,0.6229722018423413,0.00024455857177794083,0.015636456212419447,0.00024455857177794083,0.0,0.0,0.0,17.948235102307002,1.7781526353633035,1.0,0.6880215457162105,0.06968327066640607
