seq_id,mean_n_hydrophobic,std_n_hydrophobic,occ_n_hydrophobic_gt0,mean_n_polar,std_n_polar,occ_n_polar_gt0,mean_n_pos_charged,std_n_pos_charged,occ_n_pos_charged_gt0,mean_n_neg_charged,std_n_neg_charged,occ_n_neg_charged_gt0,mean_n_other,std_n_other,occ_n_other_gt0,mean_n_total,std_n_total,occ_n_total_gt0,mean_frac_hydrophobic,std_frac_hydrophobic
bind_100_binder,14.562240156517486,1.527744811710675,1.0,0.8806554169723649,0.8050990758437594,0.6343849351919785,1.735713703431972,0.9097706919171441,0.9183174370261677,0.005624847150892639,0.07478775464888442,0.005624847150892639,0.0,0.0,0.0,17.184234124072717,1.7321597810536984,1.0,0.8490510795700673,0.05879380276173492
