seq_id,mean_n_hydrophobic,std_n_hydrophobic,occ_n_hydrophobic_gt0,mean_n_polar,std_n_polar,occ_n_polar_gt0,mean_n_pos_charged,std_n_pos_charged,occ_n_pos_charged_gt0,mean_n_neg_charged,std_n_neg_charged,occ_n_neg_charged_gt0,mean_n_other,std_n_other,occ_n_other_gt0,mean_n_total,std_n_total,occ_n_total_gt0,mean_frac_hydrophobic,std_frac_hydrophobic
bind_020_binder,13.961359745659085,1.2078951615940567,1.0,2.8621504850411674,0.861856984837914,0.9988587266650363,0.9943751528491074,0.2724566890188184,0.9618488628026413,0.04866715578381022,0.21517124280843056,0.04866715578381022,0.0,0.0,0.0,17.86655253933317,1.4518310375561996,1.0,0.7822116855912977,0.04352030914032877
