seq_id,mean_n_hydrophobic,std_n_hydrophobic,occ_n_hydrophobic_gt0,mean_n_polar,std_n_polar,occ_n_polar_gt0,mean_n_pos_charged,std_n_pos_charged,occ_n_pos_charged_gt0,mean_n_neg_charged,std_n_neg_charged,occ_n_neg_charged_gt0,mean_n_other,std_n_other,occ_n_other_gt0,mean_n_total,std_n_total,occ_n_total_gt0,mean_frac_hydrophobic,std_frac_hydrophobic
bind_022_binder,12.94342545039537,1.8591193820483354,1.0,2.2176571288823674,1.06290512264164,0.9598108747044918,2.524904214559387,0.6108407463625999,0.9994293633325181,1.0101899404907475,0.11267089406396812,0.9986956876171843,0.0,0.0,0.0,18.69617673432787,2.624679396180293,1.0,0.6933316184029634,0.04391663503118962
