seq_id,mean_n_hydrophobic,std_n_hydrophobic,occ_n_hydrophobic_gt0,mean_n_polar,std_n_polar,occ_n_polar_gt0,mean_n_pos_charged,std_n_pos_charged,occ_n_pos_charged_gt0,mean_n_neg_charged,std_n_neg_charged,occ_n_neg_charged_gt0,mean_n_other,std_n_other,occ_n_other_gt0,mean_n_total,std_n_total,occ_n_total_gt0,mean_frac_hydrophobic,std_frac_hydrophobic
bind_080_binder,14.126110703513492,1.7028813530953555,1.0,1.1558653297464743,0.6381773724029727,0.8873400179342953,2.217820167930219,0.7920688060403059,0.9974728947582946,0.18146246025923207,0.385400876719162,0.18146246025923207,0.0,0.0,0.0,17.681258661449416,2.0746978546888135,1.0,0.799993931457009,0.04902909999975424
