seq_id,mean_n_hydrophobic,std_n_hydrophobic,occ_n_hydrophobic_gt0,mean_n_polar,std_n_polar,occ_n_polar_gt0,mean_n_pos_charged,std_n_pos_charged,occ_n_pos_charged_gt0,mean_n_neg_charged,std_n_neg_charged,occ_n_neg_charged_gt0,mean_n_other,std_n_other,occ_n_other_gt0,mean_n_total,std_n_total,occ_n_total_gt0,mean_frac_hydrophobic,std_frac_hydrophobic
bind_083_binder,15.680035868590528,1.4406873621094192,1.0,0.9644574875682727,0.7831947013431154,0.7268280753240401,1.967066112333904,0.6220516802733218,0.9990217657128883,0.001467351430667645,0.03827790890901125,0.001467351430667645,0.0,0.0,0.0,18.613026819923373,1.7791588567070735,1.0,0.8442022812571168,0.050578021900734606
