seq_id,mean_n_hydrophobic,std_n_hydrophobic,occ_n_hydrophobic_gt0,mean_n_polar,std_n_polar,occ_n_polar_gt0,mean_n_pos_charged,std_n_pos_charged,occ_n_pos_charged_gt0,mean_n_neg_charged,std_n_neg_charged,occ_n_neg_charged_gt0,mean_n_other,std_n_other,occ_n_other_gt0,mean_n_total,std_n_total,occ_n_total_gt0,mean_frac_hydrophobic,std_frac_hydrophobic
bind_019_binder,14.588489443221652,2.2064826399239026,1.0,1.441672780630961,0.7861303241113665,0.9129371484470531,1.9811689899730986,0.7621010950849502,0.9971468166625906,0.5602021684193365,0.5036987751334602,0.5565337898426673,0.0,0.0,0.0,18.571533382245047,2.514294009610423,1.0,0.7852798635427829,0.05015796431915593
