seq_id,mean_n_hydrophobic,std_n_hydrophobic,occ_n_hydrophobic_gt0,mean_n_polar,std_n_polar,occ_n_polar_gt0,mean_n_pos_charged,std_n_pos_charged,occ_n_pos_charged_gt0,mean_n_neg_charged,std_n_neg_charged,occ_n_neg_charged_gt0,mean_n_other,std_n_other,occ_n_other_gt0,mean_n_total,std_n_total,occ_n_total_gt0,mean_frac_hydrophobic,std_frac_hydrophobic
bind_041_binder,14.280753240401076,1.4947282662343881,1.0,1.6224830846987854,0.9034556433798561,0.9158718513083883,1.272275209912774,0.6930815333072096,0.9189695932175757,0.0954593625173229,0.3567487542177987,0.07499796201190186,0.0,0.0,0.0,17.27097089752996,1.6576496785274426,1.0,0.8276949785718292,0.05218814124751604
