seq_id,mean_n_hydrophobic,std_n_hydrophobic,occ_n_hydrophobic_gt0,mean_n_polar,std_n_polar,occ_n_polar_gt0,mean_n_pos_charged,std_n_pos_charged,occ_n_pos_charged_gt0,mean_n_neg_charged,std_n_neg_charged,occ_n_neg_charged_gt0,mean_n_other,std_n_other,occ_n_other_gt0,mean_n_total,std_n_total,occ_n_total_gt0,mean_frac_hydrophobic,std_frac_hydrophobic
bind_102_binder,12.367408494334393,1.4242393210982924,1.0,2.9552457813646367,0.6955371327177684,0.9956794652319231,0.5227847069373115,0.6688873307381901,0.4248797587022092,0.549849188880737,0.4975088525523266,0.549849188880737,0.0,0.0,0.0,16.395288171517077,2.101683628244295,1.0,0.7574231604150002,0.055842093703766825
