seq_id,mean_n_hydrophobic,std_n_hydrophobic,occ_n_hydrophobic_gt0,mean_n_polar,std_n_polar,occ_n_polar_gt0,mean_n_pos_charged,std_n_pos_charged,occ_n_pos_charged_gt0,mean_n_neg_charged,std_n_neg_charged,occ_n_neg_charged_gt0,mean_n_other,std_n_other,occ_n_other_gt0,mean_n_total,std_n_total,occ_n_total_gt0,mean_frac_hydrophobic,std_frac_hydrophobic
bind_043_binder,14.119915219695116,1.3478243086496529,1.0,1.2316784869976358,0.48365892845407565,0.9799461971142088,2.467351430667645,0.9105091999413438,0.9995924023803701,0.37971794244721613,0.4853166251333956,0.37971794244721613,0.0,0.0,0.0,18.198663079807613,1.9002786063234716,1.0,0.777905892908914,0.04680156742369515
