seq_id,mean_n_hydrophobic,std_n_hydrophobic,occ_n_hydrophobic_gt0,mean_n_polar,std_n_polar,occ_n_polar_gt0,mean_n_pos_charged,std_n_pos_charged,occ_n_pos_charged_gt0,mean_n_neg_charged,std_n_neg_charged,occ_n_neg_charged_gt0,mean_n_other,std_n_other,occ_n_other_gt0,mean_n_total,std_n_total,occ_n_total_gt0,mean_frac_hydrophobic,std_frac_hydrophobic
bind_076_binder,13.339447297627782,1.6148345643776605,1.0,5.657291921415179,0.9146888437618408,1.0,1.1336104997146816,0.5269312180898675,0.9445667237303335,0.0005706366674818619,0.0238811859269088,0.0005706366674818619,0.0,0.0,0.0,20.130920355425125,2.0495162818132786,1.0,0.6625731870082144,0.04311818691162034
