seq_id,mean_n_hydrophobic,std_n_hydrophobic,occ_n_hydrophobic_gt0,mean_n_polar,std_n_polar,occ_n_polar_gt0,mean_n_pos_charged,std_n_pos_charged,occ_n_pos_charged_gt0,mean_n_neg_charged,std_n_neg_charged,occ_n_neg_charged_gt0,mean_n_other,std_n_other,occ_n_other_gt0,mean_n_total,std_n_total,occ_n_total_gt0,mean_frac_hydrophobic,std_frac_hydrophobic
bind_101_binder,13.50639928262819,1.541952860385145,1.0,2.157414200701068,0.8760759227682532,0.9787234042553191,1.529143229803538,0.9351836502616686,0.8327219369038885,0.0019564685742235266,0.04418869544285735,0.0019564685742235266,0.0,0.0,0.0,17.19491318170702,1.6206401485578197,1.0,0.7852619460638728,0.04712849832601276
