seq_id,mean_n_hydrophobic,std_n_hydrophobic,occ_n_hydrophobic_gt0,mean_n_polar,std_n_polar,occ_n_polar_gt0,mean_n_pos_charged,std_n_pos_charged,occ_n_pos_charged_gt0,mean_n_neg_charged,std_n_neg_charged,occ_n_neg_charged_gt0,mean_n_other,std_n_other,occ_n_other_gt0,mean_n_total,std_n_total,occ_n_total_gt0,mean_frac_hydrophobic,std_frac_hydrophobic
nonb_050_nb,8.634058857096274,1.5182992970160956,0.9984511290454063,0.8122605363984674,0.7430357082222204,0.6353631694790902,2.384609113882775,0.6296532460775558,0.9962501018994049,0.11583924349881797,0.3235785218990392,0.11518708730741012,0.0,0.0,0.0,11.946767750876335,2.10656505131584,0.9985326485693323,0.7246559794455923,0.07310220009763996
