seq_id,mean_n_hydrophobic,std_n_hydrophobic,occ_n_hydrophobic_gt0,mean_n_polar,std_n_polar,occ_n_polar_gt0,mean_n_pos_charged,std_n_pos_charged,occ_n_pos_charged_gt0,mean_n_neg_charged,std_n_neg_charged,occ_n_neg_charged_gt0,mean_n_other,std_n_other,occ_n_other_gt0,mean_n_total,std_n_total,occ_n_total_gt0,mean_frac_hydrophobic,std_frac_hydrophobic
nonb_047_nb,15.693894187657945,1.47873083231258,1.0,2.8850574712643677,0.8458189640450667,0.9964131409472569,1.6796282709708976,0.537721849311672,0.9685334637645716,0.0022010271460014674,0.04686344658157392,0.0022010271460014674,0.0,0.0,0.0,20.26078095703921,2.003843248715326,1.0,0.7764555208007816,0.048357747118829474
