seq_id,mean_n_hydrophobic,std_n_hydrophobic,occ_n_hydrophobic_gt0,mean_n_polar,std_n_polar,occ_n_polar_gt0,mean_n_pos_charged,std_n_pos_charged,occ_n_pos_charged_gt0,mean_n_neg_charged,std_n_neg_charged,occ_n_neg_charged_gt0,mean_n_other,std_n_other,occ_n_other_gt0,mean_n_total,std_n_total,occ_n_total_gt0,mean_frac_hydrophobic,std_frac_hydrophobic
nonb_089_nb,7.87405233553436,2.401400552907628,0.9885057471264368,2.3037417461482024,1.0095435309354697,0.983206978071248,2.3291758376131084,1.225552913409096,0.9855710442651014,0.7121545610173636,0.5271327125395995,0.677916360968452,0.0,0.0,0.0,13.219124480313035,3.721701666107478,0.9894024618896226,0.5886113756613462,0.09208533212813899
