seq_id,mean_n_hydrophobic,std_n_hydrophobic,occ_n_hydrophobic_gt0,mean_n_polar,std_n_polar,occ_n_polar_gt0,mean_n_pos_charged,std_n_pos_charged,occ_n_pos_charged_gt0,mean_n_neg_charged,std_n_neg_charged,occ_n_neg_charged_gt0,mean_n_other,std_n_other,occ_n_other_gt0,mean_n_total,std_n_total,occ_n_total_gt0,mean_frac_hydrophobic,std_frac_hydrophobic
nonb_009_nb,17.096437596804435,1.6025300552221489,1.0,1.901279856525638,0.43370752569070725,0.999755441428222,2.610581234205592,0.5269880049539062,0.9991848047607402,0.00040759761962990136,0.020184932098235388,0.00040759761962990136,0.0,0.0,0.0,21.608706285155296,1.6794518220225725,1.0,0.7906605938294626,0.02989915640469717
