seq_id,mean_n_hydrophobic,std_n_hydrophobic,occ_n_hydrophobic_gt0,mean_n_polar,std_n_polar,occ_n_polar_gt0,mean_n_pos_charged,std_n_pos_charged,occ_n_pos_charged_gt0,mean_n_neg_charged,std_n_neg_charged,occ_n_neg_charged_gt0,mean_n_other,std_n_other,occ_n_other_gt0,mean_n_total,std_n_total,occ_n_total_gt0,mean_frac_hydrophobic,std_frac_hydrophobic
nonb_068_nb,12.030406782424391,1.3138605637594651,1.0,4.056819108176408,1.111439479213086,0.9995108828564441,2.819026656884324,0.6183413821770521,0.999918480476074,0.002037988098149507,0.04509805652864997,0.002037988098149507,0.0,0.0,0.0,18.908290535583273,1.7223002995178696,1.0,0.6371023331401119,0.05186206183835618
