seq_id,mean_n_hydrophobic,std_n_hydrophobic,occ_n_hydrophobic_gt0,mean_n_polar,std_n_polar,occ_n_polar_gt0,mean_n_pos_charged,std_n_pos_charged,occ_n_pos_charged_gt0,mean_n_neg_charged,std_n_neg_charged,occ_n_neg_charged_gt0,mean_n_other,std_n_other,occ_n_other_gt0,mean_n_total,std_n_total,occ_n_total_gt0,mean_frac_hydrophobic,std_frac_hydrophobic
nonb_074_nb,13.617021276595745,1.4576650205356378,1.0,1.8633732779000571,0.7146474145923575,0.9928262818945137,1.9330724708567701,0.38624475199445096,0.9994293633325181,0.005217249531262737,0.07204186170964266,0.005217249531262737,0.0,0.0,0.0,17.418684274883834,1.658100696077734,1.0,0.7819527644893044,0.04427242274342866
