seq_id,mean_n_hydrophobic,std_n_hydrophobic,occ_n_hydrophobic_gt0,mean_n_polar,std_n_polar,occ_n_polar_gt0,mean_n_pos_charged,std_n_pos_charged,occ_n_pos_charged_gt0,mean_n_neg_charged,std_n_neg_charged,occ_n_neg_charged_gt0,mean_n_other,std_n_other,occ_n_other_gt0,mean_n_total,std_n_total,occ_n_total_gt0,mean_frac_hydrophobic,std_frac_hydrophobic
nonb_115_nb,16.354202331458385,1.4551805417929393,1.0,0.7461482024944974,0.5007132356959071,0.7157414200701068,1.9431808918235918,0.6761008360858964,0.979538599494579,0.0025271052417053883,0.05020676230153398,0.0025271052417053883,0.0,0.0,0.0,19.04605853101818,1.612976666117704,1.0,0.8592800764729535,0.04079741639574014
