seq_id,mean_n_hydrophobic,std_n_hydrophobic,occ_n_hydrophobic_gt0,mean_n_polar,std_n_polar,occ_n_polar_gt0,mean_n_pos_charged,std_n_pos_charged,occ_n_pos_charged_gt0,mean_n_neg_charged,std_n_neg_charged,occ_n_neg_charged_gt0,mean_n_other,std_n_other,occ_n_other_gt0,mean_n_total,std_n_total,occ_n_total_gt0,mean_frac_hydrophobic,std_frac_hydrophobic
nonb_010_nb,12.268688350860032,1.3519247740651155,1.0,2.111600228254667,0.602717906510458,0.9970652971386648,3.2828727480231517,0.7422561037896003,0.999755441428222,1.3244477052254016,0.49639592342267463,0.9867938371239912,0.0,0.0,0.0,18.987609032363252,2.047932120435809,1.0,0.6471567821601475,0.040037962960742836
