seq_id,mean_n_hydrophobic,std_n_hydrophobic,occ_n_hydrophobic_gt0,mean_n_polar,std_n_polar,occ_n_polar_gt0,mean_n_pos_charged,std_n_pos_charged,occ_n_pos_charged_gt0,mean_n_neg_charged,std_n_neg_charged,occ_n_neg_charged_gt0,mean_n_other,std_n_other,occ_n_other_gt0,mean_n_total,std_n_total,occ_n_total_gt0,mean_frac_hydrophobic,std_frac_hydrophobic
nonb_116_nb,13.69316051194261,1.9213154818101452,1.0,0.925735713703432,0.8662651794609296,0.6334882204287927,2.1766528083475993,0.5356906637099506,0.9986956876171843,0.46058531018178855,0.501541846844031,0.4590364392271949,0.0,0.0,0.0,17.25613434417543,1.9783046374753872,1.0,0.7933071561388838,0.06396218736755567
