seq_id,mean_n_hydrophobic,std_n_hydrophobic,occ_n_hydrophobic_gt0,mean_n_polar,std_n_polar,occ_n_polar_gt0,mean_n_pos_charged,std_n_pos_charged,occ_n_pos_charged_gt0,mean_n_neg_charged,std_n_neg_charged,occ_n_neg_charged_gt0,mean_n_other,std_n_other,occ_n_other_gt0,mean_n_total,std_n_total,occ_n_total_gt0,mean_frac_hydrophobic,std_frac_hydrophobic
nonb_019_nb,14.931197521806473,1.9761340100135656,1.0,3.086736773457243,0.5392941587847162,0.9990217657128883,1.255645227031874,0.6477064506453153,0.8957365288986713,0.0011412733349637238,0.033763454061138724,0.0011412733349637238,0.0,0.0,0.0,19.274720795630554,2.0778872993546096,1.0,0.7732942317988637,0.04437696473866224
