seq_id,mean_n_hydrophobic,std_n_hydrophobic,occ_n_hydrophobic_gt0,mean_n_polar,std_n_polar,occ_n_polar_gt0,mean_n_pos_charged,std_n_pos_charged,occ_n_pos_charged_gt0,mean_n_neg_charged,std_n_neg_charged,occ_n_neg_charged_gt0,mean_n_other,std_n_other,occ_n_other_gt0,mean_n_total,std_n_total,occ_n_total_gt0,mean_frac_hydrophobic,std_frac_hydrophobic
nonb_046_nb,15.876742479823918,2.0844569653569303,1.0,2.3864025434091465,0.7668889671141189,0.9841852123583599,2.515774027879677,0.9857424024221199,0.9903806961767343,0.6537865818863617,0.5254299161891691,0.6289231270889378,0.0,0.0,0.0,21.432705632999102,2.8253011246479347,1.0,0.7421444110557791,0.044678168932279126
