seq_id,mean_n_hydrophobic,std_n_hydrophobic,occ_n_hydrophobic_gt0,mean_n_polar,std_n_polar,occ_n_polar_gt0,mean_n_pos_charged,std_n_pos_charged,occ_n_pos_charged_gt0,mean_n_neg_charged,std_n_neg_charged,occ_n_neg_charged_gt0,mean_n_other,std_n_other,occ_n_other_gt0,mean_n_total,std_n_total,occ_n_total_gt0,mean_frac_hydrophobic,std_frac_hydrophobic
nonb_052_nb,13.423575446319393,1.691719314752243,1.0,0.8772315969674737,0.5185961247203439,0.7997065297138665,2.6890030162223852,0.7389602981470524,0.9988587266650363,0.2776554984918888,0.45756642275533654,0.2732534441998859,0.0,0.0,0.0,17.267465558001142,1.8447408608203473,1.0,0.7771222467414565,0.04917795240738483
