seq_id,mean_n_hydrophobic,std_n_hydrophobic,occ_n_hydrophobic_gt0,mean_n_polar,std_n_polar,occ_n_polar_gt0,mean_n_pos_charged,std_n_pos_charged,occ_n_pos_charged_gt0,mean_n_neg_charged,std_n_neg_charged,occ_n_neg_charged_gt0,mean_n_other,std_n_other,occ_n_other_gt0,mean_n_total,std_n_total,occ_n_total_gt0,mean_frac_hydrophobic,std_frac_hydrophobic
nonb_085_nb,15.38958180484226,1.982091266175902,0.9989402461889623,0.8284829216597375,0.7464558834981303,0.6276188147061221,2.7374256134344175,0.6942947167704856,0.9983696095214804,1.1565174859378822,0.492834977525845,0.9445667237303335,0.0,0.0,0.0,20.112007825874297,2.664711028550019,0.9991032852368142,0.7661577099680676,0.0538591235426242
