seq_id,mean_n_hydrophobic,std_n_hydrophobic,occ_n_hydrophobic_gt0,mean_n_polar,std_n_polar,occ_n_polar_gt0,mean_n_pos_charged,std_n_pos_charged,occ_n_pos_charged_gt0,mean_n_neg_charged,std_n_neg_charged,occ_n_neg_charged_gt0,mean_n_other,std_n_other,occ_n_other_gt0,mean_n_total,std_n_total,occ_n_total_gt0,mean_frac_hydrophobic,std_frac_hydrophobic
nonb_018_nb,14.190185049319313,1.6028450056589423,1.0,2.747534034401239,0.7900659457448047,0.999836960952148,2.474769707344909,0.9815673496628368,0.9979620119018505,0.002364066193853428,0.048564157409395126,0.002364066193853428,0.0,0.0,0.0,19.414852857259312,2.0865321748351815,1.0,0.7322395953408877,0.05106941436065911
