seq_id,mean_n_hydrophobic,std_n_hydrophobic,occ_n_hydrophobic_gt0,mean_n_polar,std_n_polar,occ_n_polar_gt0,mean_n_pos_charged,std_n_pos_charged,occ_n_pos_charged_gt0,mean_n_neg_charged,std_n_neg_charged,occ_n_neg_charged_gt0,mean_n_other,std_n_other,occ_n_other_gt0,mean_n_total,std_n_total,occ_n_total_gt0,mean_frac_hydrophobic,std_frac_hydrophobic
nonb_080_nb,11.666340588570963,1.7269209045673903,1.0,1.835004483573816,0.9405604043309883,0.9316866389500286,3.019727724790087,0.31603770550926724,1.0,0.012880084780304883,0.11275720906601512,0.012880084780304883,0.0,0.0,0.0,16.53395288171517,1.7115408810651644,1.0,0.7037460303605618,0.05599291543197194
