seq_id,mean_n_hydrophobic,std_n_hydrophobic,occ_n_hydrophobic_gt0,mean_n_polar,std_n_polar,occ_n_polar_gt0,mean_n_pos_charged,std_n_pos_charged,occ_n_pos_charged_gt0,mean_n_neg_charged,std_n_neg_charged,occ_n_neg_charged_gt0,mean_n_other,std_n_other,occ_n_other_gt0,mean_n_total,std_n_total,occ_n_total_gt0,mean_frac_hydrophobic,std_frac_hydrophobic
nonb_029_nb,12.951006766120486,1.5957664671334753,1.0,2.116083802070596,0.9215010325992902,0.9779082090160593,2.128311730659493,0.742673644672676,0.9765223771093177,0.15390886117225075,0.36086136344157377,0.15390886117225075,0.0,0.0,0.0,17.349311160022825,1.7790251368946304,1.0,0.7475348197089925,0.06581038618451317
