seq_id,mean_n_hydrophobic,std_n_hydrophobic,occ_n_hydrophobic_gt0,mean_n_polar,std_n_polar,occ_n_polar_gt0,mean_n_pos_charged,std_n_pos_charged,occ_n_pos_charged_gt0,mean_n_neg_charged,std_n_neg_charged,occ_n_neg_charged_gt0,mean_n_other,std_n_other,occ_n_other_gt0,mean_n_total,std_n_total,occ_n_total_gt0,mean_frac_hydrophobic,std_frac_hydrophobic
nonb_011_nb,15.487894350696992,2.2711906630413212,1.0,1.45447134588734,1.311738869173834,0.7568272601288009,1.9038069617673432,0.7146176761006355,0.9922556452270319,0.5806635689247575,0.4936156680011007,0.5805820494008315,0.0,0.0,0.0,19.426836227276432,2.500168503557156,1.0,0.7965632558764669,0.05015453682923054
