seq_id,mean_n_hydrophobic,std_n_hydrophobic,occ_n_hydrophobic_gt0,mean_n_polar,std_n_polar,occ_n_polar_gt0,mean_n_pos_charged,std_n_pos_charged,occ_n_pos_charged_gt0,mean_n_neg_charged,std_n_neg_charged,occ_n_neg_charged_gt0,mean_n_other,std_n_other,occ_n_other_gt0,mean_n_total,std_n_total,occ_n_total_gt0,mean_frac_hydrophobic,std_frac_hydrophobic
nonb_117_nb,14.376294122442324,1.243652714354941,1.0,1.0844542267873156,0.807082522330787,0.7718268525311812,2.4578136463683053,0.7129288834737576,0.9992663242846662,8.151952392598027e-05,0.009028448288227558,8.151952392598027e-05,0.0,0.0,0.0,17.91864351512187,1.555966755712977,1.0,0.8037080649343931,0.046958069217972694
