seq_id,mean_n_hydrophobic,std_n_hydrophobic,occ_n_hydrophobic_gt0,mean_n_polar,std_n_polar,occ_n_polar_gt0,mean_n_pos_charged,std_n_pos_charged,occ_n_pos_charged_gt0,mean_n_neg_charged,std_n_neg_charged,occ_n_neg_charged_gt0,mean_n_other,std_n_other,occ_n_other_gt0,mean_n_total,std_n_total,occ_n_total_gt0,mean_frac_hydrophobic,std_frac_hydrophobic
nonb_022_nb,13.971957283769463,1.3771343456321459,1.0,0.8108747044917257,0.9367904614510072,0.5063992826281895,2.0011412733349636,0.8528281714171799,0.9825548218798402,0.06823184152604549,0.2521433269551469,0.06823184152604549,0.0,0.0,0.0,16.8522051031222,2.037814998762744,1.0,0.8341282850629207,0.07029774029578659
