seq_id,mean_n_hydrophobic,std_n_hydrophobic,occ_n_hydrophobic_gt0,mean_n_polar,std_n_polar,occ_n_polar_gt0,mean_n_pos_charged,std_n_pos_charged,occ_n_pos_charged_gt0,mean_n_neg_charged,std_n_neg_charged,occ_n_neg_charged_gt0,mean_n_other,std_n_other,occ_n_other_gt0,mean_n_total,std_n_total,occ_n_total_gt0,mean_frac_hydrophobic,std_frac_hydrophobic
nonb_006_nb,11.785603652074672,1.3287441690105042,1.0,1.2536887584576506,0.8051619042112806,0.8323143392842586,1.479253281160838,0.8476260232435335,0.8786174288742153,0.017200619548381837,0.13001829961791403,0.017200619548381837,0.0,0.0,0.0,14.535746311241542,1.5418689989709955,1.0,0.8127223247991364,0.06370352929150147
