seq_id,mean_n_hydrophobic,std_n_hydrophobic,occ_n_hydrophobic_gt0,mean_n_polar,std_n_polar,occ_n_polar_gt0,mean_n_pos_charged,std_n_pos_charged,occ_n_pos_charged_gt0,mean_n_neg_charged,std_n_neg_charged,occ_n_neg_charged_gt0,mean_n_other,std_n_other,occ_n_other_gt0,mean_n_total,std_n_total,occ_n_total_gt0,mean_frac_hydrophobic,std_frac_hydrophobic
nonb_082_nb,14.413956142496128,1.3526941950879694,0.999918480476074,1.2283361865166706,0.7747666331913399,0.8352490421455939,2.252302926550909,0.6514603771517424,0.999918480476074,0.004972690959484796,0.07034176074073106,0.004972690959484796,0.0,0.0,0.0,17.89956794652319,1.4661270853788566,0.999918480476074,0.8058115395961835,0.04714174526466049
