seq_id,mean_n_hydrophobic,std_n_hydrophobic,occ_n_hydrophobic_gt0,mean_n_polar,std_n_polar,occ_n_polar_gt0,mean_n_pos_charged,std_n_pos_charged,occ_n_pos_charged_gt0,mean_n_neg_charged,std_n_neg_charged,occ_n_neg_charged_gt0,mean_n_other,std_n_other,occ_n_other_gt0,mean_n_total,std_n_total,occ_n_total_gt0,mean_frac_hydrophobic,std_frac_hydrophobic
nonb_021_nb,14.45365615064808,1.8947698352550468,1.0,1.756175103937393,1.0058004001408598,0.9166055270237222,1.5959892394228419,0.6889006173133653,0.9431808918235918,8.151952392598027e-05,0.00902844828822756,8.151952392598027e-05,0.0,0.0,0.0,17.80590201353224,1.9478999545247995,1.0,0.8128232898223037,0.07347431318050046
