seq_id,mean_n_hydrophobic,std_n_hydrophobic,occ_n_hydrophobic_gt0,mean_n_polar,std_n_polar,occ_n_polar_gt0,mean_n_pos_charged,std_n_pos_charged,occ_n_pos_charged_gt0,mean_n_neg_charged,std_n_neg_charged,occ_n_neg_charged_gt0,mean_n_other,std_n_other,occ_n_other_gt0,mean_n_total,std_n_total,occ_n_total_gt0,mean_frac_hydrophobic,std_frac_hydrophobic
nonb_066_nb,13.056900627700335,1.5766672008141698,1.0,1.3115676204450966,0.5111608798302053,0.9947012309448113,2.5267791636096844,0.9821905204036377,0.9598923942284177,0.4416727806309611,0.5166989611584014,0.4314828401402136,0.0,0.0,0.0,17.336920192386078,1.9200305705306098,1.0,0.7547934030328992,0.06640265705305667
