seq_id,mean_n_hydrophobic,std_n_hydrophobic,occ_n_hydrophobic_gt0,mean_n_polar,std_n_polar,occ_n_polar_gt0,mean_n_pos_charged,std_n_pos_charged,occ_n_pos_charged_gt0,mean_n_neg_charged,std_n_neg_charged,occ_n_neg_charged_gt0,mean_n_other,std_n_other,occ_n_other_gt0,mean_n_total,std_n_total,occ_n_total_gt0,mean_frac_hydrophobic,std_frac_hydrophobic
nonb_071_nb,14.455123502078749,1.6980907833391201,1.0,1.235428385098231,0.5628424484134659,0.9368223689573653,2.476074019727725,0.9307885391106991,0.9995108828564441,0.5847395451210565,0.605850611913424,0.5226216678894595,0.0,0.0,0.0,18.75136545202576,1.7400022354297267,1.0,0.7711396858019828,0.060723470891018726
