seq_id,mean_n_hydrophobic,std_n_hydrophobic,occ_n_hydrophobic_gt0,mean_n_polar,std_n_polar,occ_n_polar_gt0,mean_n_pos_charged,std_n_pos_charged,occ_n_pos_charged_gt0,mean_n_neg_charged,std_n_neg_charged,occ_n_neg_charged_gt0,mean_n_other,std_n_other,occ_n_other_gt0,mean_n_total,std_n_total,occ_n_total_gt0,mean_frac_hydrophobic,std_frac_hydrophobic
nonb_073_nb,12.752099127741094,1.2539700856008074,1.0,2.8574223526534603,0.7991207207742922,0.999918480476074,1.4494986549278552,0.9302513668384662,0.9801907556859868,0.3106709056819108,0.5317837278352615,0.2763511861090731,0.0,0.0,0.0,17.36969104100432,1.8017511641748416,1.0,0.7368272205495087,0.059151897450701166
