seq_id,mean_n_hydrophobic,std_n_hydrophobic,occ_n_hydrophobic_gt0,mean_n_polar,std_n_polar,occ_n_polar_gt0,mean_n_pos_charged,std_n_pos_charged,occ_n_pos_charged_gt0,mean_n_neg_charged,std_n_neg_charged,occ_n_neg_charged_gt0,mean_n_other,std_n_other,occ_n_other_gt0,mean_n_total,std_n_total,occ_n_total_gt0,mean_frac_hydrophobic,std_frac_hydrophobic
nonb_056_nb,12.667400342382,1.5343939625227223,0.999918480476074,1.5525393331702944,1.2933882065673723,0.7431319801092362,2.425450395369691,1.0712976624399617,0.9804353142577648,0.0491562729273661,0.21619420380587542,0.0491562729273661,0.0,0.0,0.0,16.694546343849353,1.871916968050075,0.999918480476074,0.7603309594892433,0.06137791086055917
