seq_id,mean_n_hydrophobic,std_n_hydrophobic,occ_n_hydrophobic_gt0,mean_n_polar,std_n_polar,occ_n_polar_gt0,mean_n_pos_charged,std_n_pos_charged,occ_n_pos_charged_gt0,mean_n_neg_charged,std_n_neg_charged,occ_n_neg_charged_gt0,mean_n_other,std_n_other,occ_n_other_gt0,mean_n_total,std_n_total,occ_n_total_gt0,mean_frac_hydrophobic,std_frac_hydrophobic
pair_0567_nb,14.833781690714925,1.6883664604916186,1.0,0.8049237792451293,0.5436953922234712,0.7375071329583435,2.087878046792207,0.6997925291744106,0.9971468166625906,0.000896714763185783,0.029931766834239294,0.000896714763185783,0.0,0.0,0.0,17.727480231515447,1.9082220407508612,1.0,0.8374692135805945,0.046475455975257256
