seq_id,mean_n_hydrophobic,std_n_hydrophobic,occ_n_hydrophobic_gt0,mean_n_polar,std_n_polar,occ_n_polar_gt0,mean_n_pos_charged,std_n_pos_charged,occ_n_pos_charged_gt0,mean_n_neg_charged,std_n_neg_charged,occ_n_neg_charged_gt0,mean_n_other,std_n_other,occ_n_other_gt0,mean_n_total,std_n_total,occ_n_total_gt0,mean_frac_hydrophobic,std_frac_hydrophobic
pair_1102_nb,13.687943262411348,1.6425361694487555,1.0,2.3130349718757643,1.1259605722398156,0.962664058041901,2.0223363495557187,0.49203982632734317,0.9985326485693323,0.05673758865248227,0.23134051674184525,0.05673758865248227,0.0,0.0,0.0,18.080052172495314,1.911794849687136,1.0,0.7575979208701525,0.05157772923454559
