seq_id,mean_n_hydrophobic,std_n_hydrophobic,occ_n_hydrophobic_gt0,mean_n_polar,std_n_polar,occ_n_polar_gt0,mean_n_pos_charged,std_n_pos_charged,occ_n_pos_charged_gt0,mean_n_neg_charged,std_n_neg_charged,occ_n_neg_charged_gt0,mean_n_other,std_n_other,occ_n_other_gt0,mean_n_total,std_n_total,occ_n_total_gt0,mean_frac_hydrophobic,std_frac_hydrophobic
pair_0940_nb,12.24480313034972,1.3916641573634114,1.0,3.3740930952963235,1.559511736230356,0.9973913752343686,2.04157495720225,0.2995603925397698,0.999918480476074,0.7820167930219287,0.47236441537208307,0.7557675063177631,0.0,0.0,0.0,18.442487975870222,2.0766704462703482,1.0,0.66567467492429,0.0511839630776198
