seq_id,mean_n_hydrophobic,std_n_hydrophobic,occ_n_hydrophobic_gt0,mean_n_polar,std_n_polar,occ_n_polar_gt0,mean_n_pos_charged,std_n_pos_charged,occ_n_pos_charged_gt0,mean_n_neg_charged,std_n_neg_charged,occ_n_neg_charged_gt0,mean_n_other,std_n_other,occ_n_other_gt0,mean_n_total,std_n_total,occ_n_total_gt0,mean_frac_hydrophobic,std_frac_hydrophobic
pair_1961_nb,15.47517730496454,1.3307994843001423,1.0,1.8683459688595419,0.8023147983181174,0.9734246352001305,2.0486671557838103,0.3452203906514662,0.9995924023803701,0.0019564685742235266,0.044188695442857355,0.0019564685742235266,0.0,0.0,0.0,19.394146898182115,1.5773137880438781,1.0,0.7984320838697586,0.03658021548711869
