seq_id,mean_n_hydrophobic,std_n_hydrophobic,occ_n_hydrophobic_gt0,mean_n_polar,std_n_polar,occ_n_polar_gt0,mean_n_pos_charged,std_n_pos_charged,occ_n_pos_charged_gt0,mean_n_neg_charged,std_n_neg_charged,occ_n_neg_charged_gt0,mean_n_other,std_n_other,occ_n_other_gt0,mean_n_total,std_n_total,occ_n_total_gt0,mean_frac_hydrophobic,std_frac_hydrophobic
pair_1941_fail_gate,13.460666829705714,1.3391829296850295,1.0,2.0555963153175187,0.5393222163050582,0.999918480476074,1.8252221407026983,0.5948939188917429,0.9888318252221407,0.001467351430667645,0.038277908909011255,0.001467351430667645,0.0,0.0,0.0,17.3429526371566,1.4615586771145765,1.0,0.7758065004857065,0.03528641186654485
