seq_id,mean_n_hydrophobic,std_n_hydrophobic,occ_n_hydrophobic_gt0,mean_n_polar,std_n_polar,occ_n_polar_gt0,mean_n_pos_charged,std_n_pos_charged,occ_n_pos_charged_gt0,mean_n_neg_charged,std_n_neg_charged,occ_n_neg_charged_gt0,mean_n_other,std_n_other,occ_n_other_gt0,mean_n_total,std_n_total,occ_n_total_gt0,mean_frac_hydrophobic,std_frac_hydrophobic
pair_1654_nb,13.357789190511127,1.2592743333560306,1.0,3.190348088367164,0.710960506458063,1.0,0.9759517404418359,0.6009357776599741,0.8107116654438739,0.06228091627944893,0.24200215452489918,0.06219939675552295,0.0,0.0,0.0,17.586369935599578,1.6750155538099332,1.0,0.7610338182074516,0.0467370763345976
