seq_id,mean_n_hydrophobic,std_n_hydrophobic,occ_n_hydrophobic_gt0,mean_n_polar,std_n_polar,occ_n_polar_gt0,mean_n_pos_charged,std_n_pos_charged,occ_n_pos_charged_gt0,mean_n_neg_charged,std_n_neg_charged,occ_n_neg_charged_gt0,mean_n_other,std_n_other,occ_n_other_gt0,mean_n_total,std_n_total,occ_n_total_gt0,mean_frac_hydrophobic,std_frac_hydrophobic
pair_3101_binder,12.217331050786663,1.3985807074749042,1.0,1.9726909594847966,0.46054499593077053,0.9986141680932583,2.0409228010108422,1.0624679205335668,0.8788619874459933,0.02999918480476074,0.17058497505879747,0.02999918480476074,0.0,0.0,0.0,16.260943996087065,1.6838613703561687,1.0,0.7527827616465339,0.06032824629290135
