seq_id,mean_n_hydrophobic,std_n_hydrophobic,occ_n_hydrophobic_gt0,mean_n_polar,std_n_polar,occ_n_polar_gt0,mean_n_pos_charged,std_n_pos_charged,occ_n_pos_charged_gt0,mean_n_neg_charged,std_n_neg_charged,occ_n_neg_charged_gt0,mean_n_other,std_n_other,occ_n_other_gt0,mean_n_total,std_n_total,occ_n_total_gt0,mean_frac_hydrophobic,std_frac_hydrophobic
pair_0684_nb,14.999021765712888,1.2619038883479905,1.0,3.0389663324366185,0.7375705247968488,0.9986956876171843,1.5154479497839732,0.6805729016686517,0.971386647101981,0.001467351430667645,0.03827790890901125,0.001467351430667645,0.0,0.0,0.0,19.554903399364147,1.4988317115656131,1.0,0.7678959092217061,0.04544749822240244
