seq_id,mean_n_hydrophobic,std_n_hydrophobic,occ_n_hydrophobic_gt0,mean_n_polar,std_n_polar,occ_n_polar_gt0,mean_n_pos_charged,std_n_pos_charged,occ_n_pos_charged_gt0,mean_n_neg_charged,std_n_neg_charged,occ_n_neg_charged_gt0,mean_n_other,std_n_other,occ_n_other_gt0,mean_n_total,std_n_total,occ_n_total_gt0,mean_frac_hydrophobic,std_frac_hydrophobic
pair_3073_binder,11.844379228825304,1.3909043159025618,1.0,2.0099453819189694,0.22204035866848593,0.9995108828564441,2.7333496372381187,0.4847714888285128,1.0,0.020298361457569088,0.14101892773563043,0.020298361457569088,0.0,0.0,0.0,16.607972609439962,1.5040972892884836,1.0,0.711923247791435,0.03537324200548868
