seq_id,mean_n_hydrophobic,std_n_hydrophobic,occ_n_hydrophobic_gt0,mean_n_polar,std_n_polar,occ_n_polar_gt0,mean_n_pos_charged,std_n_pos_charged,occ_n_pos_charged_gt0,mean_n_neg_charged,std_n_neg_charged,occ_n_neg_charged_gt0,mean_n_other,std_n_other,occ_n_other_gt0,mean_n_total,std_n_total,occ_n_total_gt0,mean_frac_hydrophobic,std_frac_hydrophobic
pair_0891_nb,13.742561343441754,1.4755143633839904,1.0,3.2134181136382165,1.4083584981419874,0.9983696095214804,1.8120974973506154,0.7537782731825917,0.992011086655254,0.0027716638134833295,0.052573583606107324,0.0027716638134833295,0.0,0.0,0.0,18.77084861824407,2.0558528582167495,1.0,0.7355894669099626,0.06957956857048475
