seq_id,mean_n_hydrophobic,std_n_hydrophobic,occ_n_hydrophobic_gt0,mean_n_polar,std_n_polar,occ_n_polar_gt0,mean_n_pos_charged,std_n_pos_charged,occ_n_pos_charged_gt0,mean_n_neg_charged,std_n_neg_charged,occ_n_neg_charged_gt0,mean_n_other,std_n_other,occ_n_other_gt0,mean_n_total,std_n_total,occ_n_total_gt0,mean_frac_hydrophobic,std_frac_hydrophobic
pair_3070_binder,13.302355914241462,1.6899465342628528,1.0,2.494905029754626,1.3500550717871513,0.999836960952148,1.8649221488546508,0.6351806604416186,0.9977174533300726,0.43278715252302924,0.4954618382217116,0.43278715252302924,0.0,0.0,0.0,18.094970245373766,2.9066108616810613,1.0,0.7406690876212129,0.058283434510890304
