seq_id,mean_n_hydrophobic,std_n_hydrophobic,occ_n_hydrophobic_gt0,mean_n_polar,std_n_polar,occ_n_polar_gt0,mean_n_pos_charged,std_n_pos_charged,occ_n_pos_charged_gt0,mean_n_neg_charged,std_n_neg_charged,occ_n_neg_charged_gt0,mean_n_other,std_n_other,occ_n_other_gt0,mean_n_total,std_n_total,occ_n_total_gt0,mean_frac_hydrophobic,std_frac_hydrophobic
pair_0393_low_pkt,10.99168500855955,1.5200931833684348,0.999673921904296,2.1173881144534117,0.9756537864489816,0.9966576995190348,1.9184804760740197,0.5792870865642931,0.9930708404662917,0.8066356892475748,0.6215695686682908,0.6921822776554984,0.0,0.0,0.0,15.834189288334557,1.523671030553527,0.999673921904296,0.6951137327329835,0.08173750920424508
