seq_id,mean_n_hydrophobic,std_n_hydrophobic,occ_n_hydrophobic_gt0,mean_n_polar,std_n_polar,occ_n_polar_gt0,mean_n_pos_charged,std_n_pos_charged,occ_n_pos_charged_gt0,mean_n_neg_charged,std_n_neg_charged,occ_n_neg_charged_gt0,mean_n_other,std_n_other,occ_n_other_gt0,mean_n_total,std_n_total,occ_n_total_gt0,mean_frac_hydrophobic,std_frac_hydrophobic
pair_0065_low_pkt,13.80003260780957,1.380449028252014,1.0,1.4021358115268607,1.1664749883325038,0.6548463356973995,2.4978397326159616,0.8450843167870064,0.9994293633325181,0.3318659819026657,0.4714022370566363,0.33162142333088773,0.0,0.0,0.0,18.03187413385506,1.790269643398968,1.0,0.7673785495030312,0.056855090991729716
