seq_id,mean_n_hydrophobic,std_n_hydrophobic,occ_n_hydrophobic_gt0,mean_n_polar,std_n_polar,occ_n_polar_gt0,mean_n_pos_charged,std_n_pos_charged,occ_n_pos_charged_gt0,mean_n_neg_charged,std_n_neg_charged,occ_n_neg_charged_gt0,mean_n_other,std_n_other,occ_n_other_gt0,mean_n_total,std_n_total,occ_n_total_gt0,mean_frac_hydrophobic,std_frac_hydrophobic
pair_0867_nb,13.93551805657455,1.976424074478305,1.0,1.7369364962908616,0.8711799105697432,0.999918480476074,2.4390641558653297,0.5665321763287529,1.0,0.0004891171435558817,0.022110583619067165,0.0004891171435558817,0.0,0.0,0.0,18.112007825874297,2.160173336146541,1.0,0.7682034946589436,0.04509121716151162
