seq_id,mean_n_hydrophobic,std_n_hydrophobic,occ_n_hydrophobic_gt0,mean_n_polar,std_n_polar,occ_n_polar_gt0,mean_n_pos_charged,std_n_pos_charged,occ_n_pos_charged_gt0,mean_n_neg_charged,std_n_neg_charged,occ_n_neg_charged_gt0,mean_n_other,std_n_other,occ_n_other_gt0,mean_n_total,std_n_total,occ_n_total_gt0,mean_frac_hydrophobic,std_frac_hydrophobic
pair_0782_nb,12.49987772071411,1.660584397436917,1.0,2.3811852938778837,0.760330209218587,0.9707344909105731,0.7000081519523926,0.720838325162766,0.5480557593543653,0.6765305290617103,0.6771295095117142,0.5571044265101491,0.0,0.0,0.0,16.2576016956061,2.0897366235033963,1.0,0.7708504564436486,0.06194269061637878
