seq_id,mean_n_hydrophobic,std_n_hydrophobic,occ_n_hydrophobic_gt0,mean_n_polar,std_n_polar,occ_n_polar_gt0,mean_n_pos_charged,std_n_pos_charged,occ_n_pos_charged_gt0,mean_n_neg_charged,std_n_neg_charged,occ_n_neg_charged_gt0,mean_n_other,std_n_other,occ_n_other_gt0,mean_n_total,std_n_total,occ_n_total_gt0,mean_frac_hydrophobic,std_frac_hydrophobic
pair_0811_nb,15.809244314013206,1.6341816238563596,1.0,2.6003097741909187,0.926645097003139,0.9944566723730334,1.8666340588570962,0.4250082904825546,0.9994293633325181,0.036683785766691124,0.1879842696305056,0.036683785766691124,0.0,0.0,0.0,20.312871932827914,2.004096186861487,1.0,0.779060319879731,0.04236305330887257
