seq_id,mean_n_hydrophobic,std_n_hydrophobic,occ_n_hydrophobic_gt0,mean_n_polar,std_n_polar,occ_n_polar_gt0,mean_n_pos_charged,std_n_pos_charged,occ_n_pos_charged_gt0,mean_n_neg_charged,std_n_neg_charged,occ_n_neg_charged_gt0,mean_n_other,std_n_other,occ_n_other_gt0,mean_n_total,std_n_total,occ_n_total_gt0,mean_frac_hydrophobic,std_frac_hydrophobic
pair_3069_binder,14.04662916768566,1.6584372058071999,1.0,1.7655498491888808,0.6508092902149966,0.999755441428222,2.542675470775251,0.9274844418265842,0.9969022580908128,0.19197847884568353,0.3948897792359797,0.19157088122605365,0.0,0.0,0.0,18.546832966495476,2.182245373284629,1.0,0.7594077688319989,0.05698635658002973
