seq_id,mean_n_hydrophobic,std_n_hydrophobic,occ_n_hydrophobic_gt0,mean_n_polar,std_n_polar,occ_n_polar_gt0,mean_n_pos_charged,std_n_pos_charged,occ_n_pos_charged_gt0,mean_n_neg_charged,std_n_neg_charged,occ_n_neg_charged_gt0,mean_n_other,std_n_other,occ_n_other_gt0,mean_n_total,std_n_total,occ_n_total_gt0,mean_frac_hydrophobic,std_frac_hydrophobic
pair_3066_binder,13.709545936251732,1.584965234135599,1.0,1.359664139561425,0.8321787950526456,0.9925817233227358,2.3459688595418604,0.6883078398568775,0.9944566723730334,0.32004565093339854,0.48634243265711785,0.3105893861579848,0.0,0.0,0.0,17.735224586288417,1.8091461125343942,1.0,0.7729861764874214,0.04252850981467965
