seq_id,mean_n_hydrophobic,std_n_hydrophobic,occ_n_hydrophobic_gt0,mean_n_polar,std_n_polar,occ_n_polar_gt0,mean_n_pos_charged,std_n_pos_charged,occ_n_pos_charged_gt0,mean_n_neg_charged,std_n_neg_charged,occ_n_neg_charged_gt0,mean_n_other,std_n_other,occ_n_other_gt0,mean_n_total,std_n_total,occ_n_total_gt0,mean_frac_hydrophobic,std_frac_hydrophobic
pair_1860_nb,14.067172087715008,1.5440767470275176,1.0,3.0855139805983534,0.8215377379395017,0.999836960952148,1.2657536479986957,0.6614890102866007,0.970897529958425,8.151952392598027e-05,0.00902844828822756,8.151952392598027e-05,0.0,0.0,0.0,18.418521235835982,1.7213412120230138,1.0,0.7634355560520487,0.037378364693334956
