seq_id,mean_n_hydrophobic,std_n_hydrophobic,occ_n_hydrophobic_gt0,mean_n_polar,std_n_polar,occ_n_polar_gt0,mean_n_pos_charged,std_n_pos_charged,occ_n_pos_charged_gt0,mean_n_neg_charged,std_n_neg_charged,occ_n_neg_charged_gt0,mean_n_other,std_n_other,occ_n_other_gt0,mean_n_total,std_n_total,occ_n_total_gt0,mean_frac_hydrophobic,std_frac_hydrophobic
pair_1671_nb,15.56680524985734,1.5745386670905728,1.0,3.562321676041412,0.9793292423654124,0.999755441428222,0.9685334637645716,0.7855513270971712,0.6914486019401647,0.0005706366674818619,0.0238811859269088,0.0005706366674818619,0.0,0.0,0.0,20.098231026330808,1.8683025622943974,1.0,0.7753336454650726,0.048442245806306204
