seq_id,mean_n_hydrophobic,std_n_hydrophobic,occ_n_hydrophobic_gt0,mean_n_polar,std_n_polar,occ_n_polar_gt0,mean_n_pos_charged,std_n_pos_charged,occ_n_pos_charged_gt0,mean_n_neg_charged,std_n_neg_charged,occ_n_neg_charged_gt0,mean_n_other,std_n_other,occ_n_other_gt0,mean_n_total,std_n_total,occ_n_total_gt0,mean_frac_hydrophobic,std_frac_hydrophobic
pair_3062_binder,15.350615472405641,1.494016839666613,1.0,1.182440694546344,0.5315280130554694,0.9910328523681422,2.2677916360968453,0.9604260689474773,0.9991848047607402,0.7960381511371973,0.4047576614493388,0.7953044754218636,0.0,0.0,0.0,19.59688595418603,1.9655382863612771,1.0,0.7852307502139468,0.052308029285429485
