seq_id,mean_n_hydrophobic,std_n_hydrophobic,occ_n_hydrophobic_gt0,mean_n_polar,std_n_polar,occ_n_polar_gt0,mean_n_pos_charged,std_n_pos_charged,occ_n_pos_charged_gt0,mean_n_neg_charged,std_n_neg_charged,occ_n_neg_charged_gt0,mean_n_other,std_n_other,occ_n_other_gt0,mean_n_total,std_n_total,occ_n_total_gt0,mean_frac_hydrophobic,std_frac_hydrophobic
pair_1413_low_pkt,12.205918317437026,2.12578011287579,1.0,0.5190348088367164,0.7076141672865016,0.4033586043857504,2.7993804516181626,1.1283952702073807,0.9979620119018505,1.6845194424064562,0.7365594261303614,0.9841036928344339,0.0,0.0,0.0,17.20885302029836,3.198226950331234,1.0,0.7138068313782121,0.06896620575322392
