seq_id,mean_n_hydrophobic,std_n_hydrophobic,occ_n_hydrophobic_gt0,mean_n_polar,std_n_polar,occ_n_polar_gt0,mean_n_pos_charged,std_n_pos_charged,occ_n_pos_charged_gt0,mean_n_neg_charged,std_n_neg_charged,occ_n_neg_charged_gt0,mean_n_other,std_n_other,occ_n_other_gt0,mean_n_total,std_n_total,occ_n_total_gt0,mean_frac_hydrophobic,std_frac_hydrophobic
pair_1792_nb,12.268525311812178,1.409695133826561,1.0,2.831173065949295,0.8469472183895714,0.9974728947582946,2.2504279775006113,0.5898993046478711,1.0,0.023314583842830357,0.1514399322203954,0.023233064318904376,0.0,0.0,0.0,17.373440939104917,1.7143405866446817,1.0,0.7065456292698331,0.04845400826878709
