seq_id,mean_n_hydrophobic,std_n_hydrophobic,occ_n_hydrophobic_gt0,mean_n_polar,std_n_polar,occ_n_polar_gt0,mean_n_pos_charged,std_n_pos_charged,occ_n_pos_charged_gt0,mean_n_neg_charged,std_n_neg_charged,occ_n_neg_charged_gt0,mean_n_other,std_n_other,occ_n_other_gt0,mean_n_total,std_n_total,occ_n_total_gt0,mean_frac_hydrophobic,std_frac_hydrophobic
pair_3088_binder,13.773783321105405,2.2369472976276983,1.0,1.9482351023070026,0.8084763957561784,0.9650281242357545,1.8572593136056086,0.7509164563552716,0.9983696095214804,0.08999755441428223,0.2861782567102723,0.08999755441428223,0.0,0.0,0.0,17.6692752914323,2.9445744094083715,1.0,0.7813598771421484,0.049013305630478655
