seq_id,mean_n_hydrophobic,std_n_hydrophobic,occ_n_hydrophobic_gt0,mean_n_polar,std_n_polar,occ_n_polar_gt0,mean_n_pos_charged,std_n_pos_charged,occ_n_pos_charged_gt0,mean_n_neg_charged,std_n_neg_charged,occ_n_neg_charged_gt0,mean_n_other,std_n_other,occ_n_other_gt0,mean_n_total,std_n_total,occ_n_total_gt0,mean_frac_hydrophobic,std_frac_hydrophobic
pair_3091_binder,14.043286867204696,1.710049577775646,1.0,1.0840466291676856,0.35642079201947113,0.9882611885546588,2.7539740767913914,0.681151864160342,0.9984511290454063,0.632591505665607,0.6050714931840162,0.5657454960463031,0.0,0.0,0.0,18.51389907882938,1.787896687866508,1.0,0.757713755137816,0.045512959261648334
