seq_id,mean_n_hydrophobic,std_n_hydrophobic,occ_n_hydrophobic_gt0,mean_n_polar,std_n_polar,occ_n_polar_gt0,mean_n_pos_charged,std_n_pos_charged,occ_n_pos_charged_gt0,mean_n_neg_charged,std_n_neg_charged,occ_n_neg_charged_gt0,mean_n_other,std_n_other,occ_n_other_gt0,mean_n_total,std_n_total,occ_n_total_gt0,mean_frac_hydrophobic,std_frac_hydrophobic
pair_0822_nb,12.218553843645553,1.412282850687262,1.0,3.0724708567701966,0.8284190342954972,0.9995108828564441,1.0141028776391945,0.7693356946851541,0.7399527186761229,0.18244069454634385,0.3866292353347008,0.1822776554984919,0.0,0.0,0.0,16.487568272601287,1.9961823464670247,1.0,0.7443358629905592,0.06454959923944154
