seq_id,mean_n_hydrophobic,std_n_hydrophobic,occ_n_hydrophobic_gt0,mean_n_polar,std_n_polar,occ_n_polar_gt0,mean_n_pos_charged,std_n_pos_charged,occ_n_pos_charged_gt0,mean_n_neg_charged,std_n_neg_charged,occ_n_neg_charged_gt0,mean_n_other,std_n_other,occ_n_other_gt0,mean_n_total,std_n_total,occ_n_total_gt0,mean_frac_hydrophobic,std_frac_hydrophobic
pair_1835_nb,15.805086818292981,1.486521673171266,1.0,2.218146246025923,0.8262349004210175,0.9885057471264368,2.746881878209831,0.4578124706044311,1.0,0.008233471916524007,0.0903641624579336,0.008233471916524007,0.0,0.0,0.0,20.778348414445258,1.7464244374478564,1.0,0.7607980368192414,0.036051390766027064
