seq_id,mean_n_hydrophobic,std_n_hydrophobic,occ_n_hydrophobic_gt0,mean_n_polar,std_n_polar,occ_n_polar_gt0,mean_n_pos_charged,std_n_pos_charged,occ_n_pos_charged_gt0,mean_n_neg_charged,std_n_neg_charged,occ_n_neg_charged_gt0,mean_n_other,std_n_other,occ_n_other_gt0,mean_n_total,std_n_total,occ_n_total_gt0,mean_frac_hydrophobic,std_frac_hydrophobic
pair_1313_nb,14.180973343115676,1.2919803673462502,1.0,3.0229885057471266,0.47618059736737206,1.0,0.19393494741990708,0.4622920380376836,0.16589223118936985,0.04459117958751121,0.2064044725545101,0.04459117958751121,0.0,0.0,0.0,17.442487975870222,1.510328972832495,1.0,0.8137367291182436,0.04129611889277557
