seq_id,mean_n_hydrophobic,std_n_hydrophobic,occ_n_hydrophobic_gt0,mean_n_polar,std_n_polar,occ_n_polar_gt0,mean_n_pos_charged,std_n_pos_charged,occ_n_pos_charged_gt0,mean_n_neg_charged,std_n_neg_charged,occ_n_neg_charged_gt0,mean_n_other,std_n_other,occ_n_other_gt0,mean_n_total,std_n_total,occ_n_total_gt0,mean_frac_hydrophobic,std_frac_hydrophobic
pair_1658_nb,13.952718676122931,1.5992115331275636,1.0,3.2956713132795303,0.718491857417634,1.0,1.2496127822613516,1.3045838400569785,0.5362354283850982,0.36374011575772397,0.5437560379434457,0.33162142333088773,0.0,0.0,0.0,18.86174288742154,1.7725825988153923,1.0,0.7435259241307476,0.08769087025941977
