seq_id,mean_n_hydrophobic,std_n_hydrophobic,occ_n_hydrophobic_gt0,mean_n_polar,std_n_polar,occ_n_polar_gt0,mean_n_pos_charged,std_n_pos_charged,occ_n_pos_charged_gt0,mean_n_neg_charged,std_n_neg_charged,occ_n_neg_charged_gt0,mean_n_other,std_n_other,occ_n_other_gt0,mean_n_total,std_n_total,occ_n_total_gt0,mean_frac_hydrophobic,std_frac_hydrophobic
pair_0602_nb,13.675144697154968,1.8652855268988835,1.0,2.6297383223281976,0.8205933200555304,1.0,1.949947012309448,0.6630660571902066,0.979538599494579,0.00016303904785196053,0.01276763353644034,0.00016303904785196053,0.0,0.0,0.0,18.254993070840467,2.015760468032559,1.0,0.7480788818702404,0.04572111090646226
