seq_id,mean_n_hydrophobic,std_n_hydrophobic,occ_n_hydrophobic_gt0,mean_n_polar,std_n_polar,occ_n_polar_gt0,mean_n_pos_charged,std_n_pos_charged,occ_n_pos_charged_gt0,mean_n_neg_charged,std_n_neg_charged,occ_n_neg_charged_gt0,mean_n_other,std_n_other,occ_n_other_gt0,mean_n_total,std_n_total,occ_n_total_gt0,mean_frac_hydrophobic,std_frac_hydrophobic
pair_3098_binder,14.071818700578788,2.2579213517271404,1.0,2.0919540229885056,0.6722847081335154,0.9991848047607402,1.6677264204777045,0.9282419251708196,0.9144044998777208,0.007010679057634303,0.08343578031507315,0.007010679057634303,0.0,0.0,0.0,17.838509823102633,2.8555205394320224,1.0,0.7902059331578586,0.05287021464676411
