seq_id,mean_n_hydrophobic,std_n_hydrophobic,occ_n_hydrophobic_gt0,mean_n_polar,std_n_polar,occ_n_polar_gt0,mean_n_pos_charged,std_n_pos_charged,occ_n_pos_charged_gt0,mean_n_neg_charged,std_n_neg_charged,occ_n_neg_charged_gt0,mean_n_other,std_n_other,occ_n_other_gt0,mean_n_total,std_n_total,occ_n_total_gt0,mean_frac_hydrophobic,std_frac_hydrophobic
pair_0269_nb,13.508274231678486,1.442801178162434,1.0,0.851308388359012,0.7303183146130426,0.6615309366593299,2.8946767750876337,0.6431358627447363,0.999918480476074,0.0016303904785196055,0.040345164585203486,0.0016303904785196055,0.0,0.0,0.0,17.255889785603653,1.6802275881382345,1.0,0.7835100447767593,0.04789309802164098
