seq_id,mean_n_hydrophobic,std_n_hydrophobic,occ_n_hydrophobic_gt0,mean_n_polar,std_n_polar,occ_n_polar_gt0,mean_n_pos_charged,std_n_pos_charged,occ_n_pos_charged_gt0,mean_n_neg_charged,std_n_neg_charged,occ_n_neg_charged_gt0,mean_n_other,std_n_other,occ_n_other_gt0,mean_n_total,std_n_total,occ_n_total_gt0,mean_frac_hydrophobic,std_frac_hydrophobic
pair_0865_nb,12.678323958588082,1.5796730507107504,1.0,3.8622320045650933,0.9694599629954955,1.0,2.424635200130431,0.5418098738412876,0.9991032852368142,0.02739056003912937,0.16321861799400283,0.02739056003912937,0.0,0.0,0.0,18.992581723322736,2.1901222058368672,1.0,0.6681077327919928,0.044300740055597566
