seq_id,mean_n_hydrophobic,std_n_hydrophobic,occ_n_hydrophobic_gt0,mean_n_polar,std_n_polar,occ_n_polar_gt0,mean_n_pos_charged,std_n_pos_charged,occ_n_pos_charged_gt0,mean_n_neg_charged,std_n_neg_charged,occ_n_neg_charged_gt0,mean_n_other,std_n_other,occ_n_other_gt0,mean_n_total,std_n_total,occ_n_total_gt0,mean_frac_hydrophobic,std_frac_hydrophobic
pair_1847_nb,14.05657454960463,2.0187176876308945,1.0,1.846906334067009,1.4214147295294837,0.7896796282709709,1.9117958751120894,0.9433520179793186,0.9670661123339039,0.6138420151626315,0.5206871964863078,0.5968044346621015,0.0,0.0,0.0,18.42911877394636,2.4793780393739495,1.0,0.7635159618333699,0.050906208039596675
