seq_id,mean_n_hydrophobic,std_n_hydrophobic,occ_n_hydrophobic_gt0,mean_n_polar,std_n_polar,occ_n_polar_gt0,mean_n_pos_charged,std_n_pos_charged,occ_n_pos_charged_gt0,mean_n_neg_charged,std_n_neg_charged,occ_n_neg_charged_gt0,mean_n_other,std_n_other,occ_n_other_gt0,mean_n_total,std_n_total,occ_n_total_gt0,mean_frac_hydrophobic,std_frac_hydrophobic
pair_3080_binder,13.210809488872584,1.3220618792015302,1.0,3.292573571370343,1.026944149644122,0.9966576995190348,1.9686149832884976,0.32162321258764803,1.0,0.0030977419091872504,0.05557108874451997,0.0030977419091872504,0.0,0.0,0.0,18.47509578544061,1.7770293623708935,1.0,0.7160698875371848,0.04245733410387888
