seq_id,mean_n_hydrophobic,std_n_hydrophobic,occ_n_hydrophobic_gt0,mean_n_polar,std_n_polar,occ_n_polar_gt0,mean_n_pos_charged,std_n_pos_charged,occ_n_pos_charged_gt0,mean_n_neg_charged,std_n_neg_charged,occ_n_neg_charged_gt0,mean_n_other,std_n_other,occ_n_other_gt0,mean_n_total,std_n_total,occ_n_total_gt0,mean_frac_hydrophobic,std_frac_hydrophobic
pair_1785_nb,14.837042471671966,1.53599373393998,1.0,0.9471753484959647,0.35772457641424305,0.9083720551071982,1.3221651585554741,0.8333359400002649,0.8652482269503546,0.00040759761962990136,0.02018493209823539,0.00040759761962990136,0.0,0.0,0.0,17.106790576343034,1.5870723853746866,1.0,0.867750494713221,0.04746746238958079
