seq_id,mean_n_hydrophobic,std_n_hydrophobic,occ_n_hydrophobic_gt0,mean_n_polar,std_n_polar,occ_n_polar_gt0,mean_n_pos_charged,std_n_pos_charged,occ_n_pos_charged_gt0,mean_n_neg_charged,std_n_neg_charged,occ_n_neg_charged_gt0,mean_n_other,std_n_other,occ_n_other_gt0,mean_n_total,std_n_total,occ_n_total_gt0,mean_frac_hydrophobic,std_frac_hydrophobic
pair_0876_nb,14.637401157577239,1.4744131768606776,1.0,2.3129534523518385,1.0025471634309804,0.9735061547240564,0.908861172250754,0.3798661117629846,0.8782098312545855,8.151952392598027e-05,0.00902844828822756,8.151952392598027e-05,0.0,0.0,0.0,17.85929730170376,1.5687070675431203,1.0,0.8203712098730287,0.05482087189929669
