seq_id,mean_n_hydrophobic,std_n_hydrophobic,occ_n_hydrophobic_gt0,mean_n_polar,std_n_polar,occ_n_polar_gt0,mean_n_pos_charged,std_n_pos_charged,occ_n_pos_charged_gt0,mean_n_neg_charged,std_n_neg_charged,occ_n_neg_charged_gt0,mean_n_other,std_n_other,occ_n_other_gt0,mean_n_total,std_n_total,occ_n_total_gt0,mean_frac_hydrophobic,std_frac_hydrophobic
pair_3059_nb,14.835982717860928,1.9509347365197292,1.0,1.6560691285562892,0.808971645338906,0.8754381674411021,2.9852449661693976,0.9421313199626202,1.0,0.16801173881144535,0.3745302545543629,0.1677671802396674,0.0,0.0,0.0,19.64530855139806,2.1060909138892563,1.0,0.7551191769897642,0.056255059130245685
