seq_id,mean_n_hydrophobic,std_n_hydrophobic,occ_n_hydrophobic_gt0,mean_n_polar,std_n_polar,occ_n_polar_gt0,mean_n_pos_charged,std_n_pos_charged,occ_n_pos_charged_gt0,mean_n_neg_charged,std_n_neg_charged,occ_n_neg_charged_gt0,mean_n_other,std_n_other,occ_n_other_gt0,mean_n_total,std_n_total,occ_n_total_gt0,mean_frac_hydrophobic,std_frac_hydrophobic
pair_0288_nb,13.885628107931849,1.3577651592668565,1.0,3.1838265264530854,1.5971175017028012,0.9501100513573001,2.0061954838183746,0.16240055951958376,1.0,0.0043205347680769545,0.06558862513725068,0.0043205347680769545,0.0,0.0,0.0,19.079970652971387,1.7679554076456276,1.0,0.7308274979597463,0.07113776345151492
