seq_id,mean_n_hydrophobic,std_n_hydrophobic,occ_n_hydrophobic_gt0,mean_n_polar,std_n_polar,occ_n_polar_gt0,mean_n_pos_charged,std_n_pos_charged,occ_n_pos_charged_gt0,mean_n_neg_charged,std_n_neg_charged,occ_n_neg_charged_gt0,mean_n_other,std_n_other,occ_n_other_gt0,mean_n_total,std_n_total,occ_n_total_gt0,mean_frac_hydrophobic,std_frac_hydrophobic
pair_3061_binder,12.291106219939676,1.8183475587767282,1.0,3.9519034808836717,0.9056592743753213,1.0,1.3526534605037908,0.5082206037767977,0.9962501018994049,0.0070921985815602835,0.08391602529219314,0.0070921985815602835,0.0,0.0,0.0,17.6027553599087,2.074255878026803,1.0,0.6971736401492284,0.04674401564930705
