seq_id,mean_n_hydrophobic,std_n_hydrophobic,occ_n_hydrophobic_gt0,mean_n_polar,std_n_polar,occ_n_polar_gt0,mean_n_pos_charged,std_n_pos_charged,occ_n_pos_charged_gt0,mean_n_neg_charged,std_n_neg_charged,occ_n_neg_charged_gt0,mean_n_other,std_n_other,occ_n_other_gt0,mean_n_total,std_n_total,occ_n_total_gt0,mean_frac_hydrophobic,std_frac_hydrophobic
pair_0932_nb,13.989810059509253,1.2799832328984129,1.0,0.9843482514062117,0.5486813129644383,0.8449498654927855,2.293877883753159,0.6890099220064158,0.9990217657128883,0.010434499062525474,0.10161505937526993,0.010434499062525474,0.0,0.0,0.0,17.278470693731148,1.5251684350308157,1.0,0.8105021109718399,0.041677508774742786
