seq_id,mean_n_hydrophobic,std_n_hydrophobic,occ_n_hydrophobic_gt0,mean_n_polar,std_n_polar,occ_n_polar_gt0,mean_n_pos_charged,std_n_pos_charged,occ_n_pos_charged_gt0,mean_n_neg_charged,std_n_neg_charged,occ_n_neg_charged_gt0,mean_n_other,std_n_other,occ_n_other_gt0,mean_n_total,std_n_total,occ_n_total_gt0,mean_frac_hydrophobic,std_frac_hydrophobic
pair_1737_nb,13.1518708730741,1.2006650341747267,1.0,1.9700823347191652,0.43282041778228575,0.999918480476074,1.1720061954838183,0.40409041355128905,1.0,0.009619303823265672,0.09760518847490322,0.009619303823265672,0.0,0.0,0.0,16.30357870710035,1.3913014216114226,1.0,0.8068235349747536,0.03044080259081793
