seq_id,mean_n_hydrophobic,std_n_hydrophobic,occ_n_hydrophobic_gt0,mean_n_polar,std_n_polar,occ_n_polar_gt0,mean_n_pos_charged,std_n_pos_charged,occ_n_pos_charged_gt0,mean_n_neg_charged,std_n_neg_charged,occ_n_neg_charged_gt0,mean_n_other,std_n_other,occ_n_other_gt0,mean_n_total,std_n_total,occ_n_total_gt0,mean_frac_hydrophobic,std_frac_hydrophobic
pair_3075_binder,13.21537458221244,1.4112990209499103,1.0,1.4027879677182686,0.8176352006800172,0.937800603244477,2.48610092117062,0.9114356494587152,0.9983696095214804,0.3218390804597701,0.4689233170008709,0.3210238852205103,0.0,0.0,0.0,17.426102551561097,1.8483678862916095,1.0,0.7599595936290283,0.05077756696401383
