seq_id,mean_n_hydrophobic,std_n_hydrophobic,occ_n_hydrophobic_gt0,mean_n_polar,std_n_polar,occ_n_polar_gt0,mean_n_pos_charged,std_n_pos_charged,occ_n_pos_charged_gt0,mean_n_neg_charged,std_n_neg_charged,occ_n_neg_charged_gt0,mean_n_other,std_n_other,occ_n_other_gt0,mean_n_total,std_n_total,occ_n_total_gt0,mean_frac_hydrophobic,std_frac_hydrophobic
pair_1939_nb,14.304883019483166,1.672933620061836,1.0,3.0789924186842748,0.5546998147010311,0.999918480476074,0.46221570066030815,0.5463170282593327,0.4372707263389582,0.00016303904785196053,0.012767633536440342,0.00016303904785196053,0.0,0.0,0.0,17.8462541778756,1.644931281929116,1.0,0.8006017342518824,0.04361679249525678
