seq_id,mean_n_hydrophobic,std_n_hydrophobic,occ_n_hydrophobic_gt0,mean_n_polar,std_n_polar,occ_n_polar_gt0,mean_n_pos_charged,std_n_pos_charged,occ_n_pos_charged_gt0,mean_n_neg_charged,std_n_neg_charged,occ_n_neg_charged_gt0,mean_n_other,std_n_other,occ_n_other_gt0,mean_n_total,std_n_total,occ_n_total_gt0,mean_frac_hydrophobic,std_frac_hydrophobic
pair_1679_nb,15.110621993967555,1.342378403961913,1.0,4.084943343930871,1.1399748229041313,0.999918480476074,0.3123012961604304,0.4796820478973857,0.3050460585310182,0.33088774761555395,0.4715710767006085,0.330398630471998,0.0,0.0,0.0,19.838754381674413,1.7483075039328226,1.0,0.7633114868974951,0.050530814436505395
