seq_id,mean_n_hydrophobic,std_n_hydrophobic,occ_n_hydrophobic_gt0,mean_n_polar,std_n_polar,occ_n_polar_gt0,mean_n_pos_charged,std_n_pos_charged,occ_n_pos_charged_gt0,mean_n_neg_charged,std_n_neg_charged,occ_n_neg_charged_gt0,mean_n_other,std_n_other,occ_n_other_gt0,mean_n_total,std_n_total,occ_n_total_gt0,mean_frac_hydrophobic,std_frac_hydrophobic
pair_1914_nb,12.338632102388521,1.5167691828722236,1.0,2.778266894921334,0.6803970013272995,0.9995924023803701,2.3029265509089427,0.7910564798741554,0.9966576995190348,0.004809651911632836,0.06918467431535516,0.004809651911632836,0.0,0.0,0.0,17.42463520013043,1.8835650598046898,1.0,0.7084609766913307,0.048152332746480064
