seq_id,mean_n_hydrophobic,std_n_hydrophobic,occ_n_hydrophobic_gt0,mean_n_polar,std_n_polar,occ_n_polar_gt0,mean_n_pos_charged,std_n_pos_charged,occ_n_pos_charged_gt0,mean_n_neg_charged,std_n_neg_charged,occ_n_neg_charged_gt0,mean_n_other,std_n_other,occ_n_other_gt0,mean_n_total,std_n_total,occ_n_total_gt0,mean_frac_hydrophobic,std_frac_hydrophobic
pair_3068_binder,12.420477704410207,1.5093841401872305,1.0,2.112496943017853,0.8309824614257173,0.9872829542675471,2.6226461237466374,0.7812002409658727,0.999755441428222,0.028776391945871036,0.16717748416712294,0.028776391945871036,0.0,0.0,0.0,17.18439716312057,1.8731887774744405,1.0,0.7236906454142016,0.05344595242846664
