seq_id,mean_n_hydrophobic,std_n_hydrophobic,occ_n_hydrophobic_gt0,mean_n_polar,std_n_polar,occ_n_polar_gt0,mean_n_pos_charged,std_n_pos_charged,occ_n_pos_charged_gt0,mean_n_neg_charged,std_n_neg_charged,occ_n_neg_charged_gt0,mean_n_other,std_n_other,occ_n_other_gt0,mean_n_total,std_n_total,occ_n_total_gt0,mean_frac_hydrophobic,std_frac_hydrophobic
pair_1824_nb,13.332681177141925,1.1505747680620055,1.0,4.990543735224587,0.8986690281272132,1.0,2.707100350533953,0.6575936503191947,0.9985326485693323,0.00024455857177794083,0.01563645621241945,0.00024455857177794083,0.0,0.0,0.0,21.03056982147224,1.5445752127999723,1.0,0.6344752962343502,0.038493768331590135
