seq_id,mean_n_hydrophobic,std_n_hydrophobic,occ_n_hydrophobic_gt0,mean_n_polar,std_n_polar,occ_n_polar_gt0,mean_n_pos_charged,std_n_pos_charged,occ_n_pos_charged_gt0,mean_n_neg_charged,std_n_neg_charged,occ_n_neg_charged_gt0,mean_n_other,std_n_other,occ_n_other_gt0,mean_n_total,std_n_total,occ_n_total_gt0,mean_frac_hydrophobic,std_frac_hydrophobic
pair_0584_nb,13.353631694790902,1.3036543287814468,1.0,0.8407923697725606,0.7738526508183543,0.6110703513491481,2.5512350207874785,0.6153221970364264,0.9994293633325181,1.2775739789679628,0.5341413390207458,0.9735876742479824,0.0,0.0,0.0,18.023233064318905,1.5341651006918187,1.0,0.7425071168680488,0.0603515002408009
