seq_id,mean_n_hydrophobic,std_n_hydrophobic,occ_n_hydrophobic_gt0,mean_n_polar,std_n_polar,occ_n_polar_gt0,mean_n_pos_charged,std_n_pos_charged,occ_n_pos_charged_gt0,mean_n_neg_charged,std_n_neg_charged,occ_n_neg_charged_gt0,mean_n_other,std_n_other,occ_n_other_gt0,mean_n_total,std_n_total,occ_n_total_gt0,mean_frac_hydrophobic,std_frac_hydrophobic
pair_3078_binder,13.599331539903806,1.5228408138543856,1.0,1.231352408901932,0.8447335574243203,0.8589712236080541,3.1460014673514305,1.0396677616115682,0.9992663242846662,0.6869650281242358,0.5574477548143902,0.6391130675796853,0.0,0.0,0.0,18.663650444281405,1.546913760007451,1.0,0.7287708492586373,0.05649414503060929
