seq_id,mean_n_hydrophobic,std_n_hydrophobic,occ_n_hydrophobic_gt0,mean_n_polar,std_n_polar,occ_n_polar_gt0,mean_n_pos_charged,std_n_pos_charged,occ_n_pos_charged_gt0,mean_n_neg_charged,std_n_neg_charged,occ_n_neg_charged_gt0,mean_n_other,std_n_other,occ_n_other_gt0,mean_n_total,std_n_total,occ_n_total_gt0,mean_frac_hydrophobic,std_frac_hydrophobic
pair_0091_nb,15.925083557512025,1.553275314910126,1.0,1.5887340017934295,0.5349269294452776,0.999918480476074,3.4108584005869407,0.512282789322047,1.0,0.004157495720224994,0.06434447101003554,0.004157495720224994,0.0,0.0,0.0,20.92883345561262,1.5781294335085425,1.0,0.760281069231841,0.035791627467764466
