seq_id,mean_n_hydrophobic,std_n_hydrophobic,occ_n_hydrophobic_gt0,mean_n_polar,std_n_polar,occ_n_polar_gt0,mean_n_pos_charged,std_n_pos_charged,occ_n_pos_charged_gt0,mean_n_neg_charged,std_n_neg_charged,occ_n_neg_charged_gt0,mean_n_other,std_n_other,occ_n_other_gt0,mean_n_total,std_n_total,occ_n_total_gt0,mean_frac_hydrophobic,std_frac_hydrophobic
pair_0765_nb,12.926469389418767,1.448940080567986,1.0,4.703839569576914,1.0694879370060217,1.0,2.145349311160023,0.6388065992267089,0.9776636504442814,0.01760821716801174,0.13152249942947355,0.01760821716801174,0.0,0.0,0.0,19.793266487323713,1.8912670768820306,1.0,0.6533562437332047,0.043656379998657936
