seq_id,mean_n_hydrophobic,std_n_hydrophobic,occ_n_hydrophobic_gt0,mean_n_polar,std_n_polar,occ_n_polar_gt0,mean_n_pos_charged,std_n_pos_charged,occ_n_pos_charged_gt0,mean_n_neg_charged,std_n_neg_charged,occ_n_neg_charged_gt0,mean_n_other,std_n_other,occ_n_other_gt0,mean_n_total,std_n_total,occ_n_total_gt0,mean_frac_hydrophobic,std_frac_hydrophobic
pair_3085_binder,14.163446645471591,1.6119228840191377,1.0,1.1209749735061547,0.4724817738296321,0.9532893127904133,1.3557512024129779,0.7677946210722834,0.917502241786908,0.5457732126844379,0.49806410435645443,0.5456916931605119,0.0,0.0,0.0,17.18594603407516,1.985330917479856,1.0,0.8256331437435213,0.0470911512706776
