seq_id,mean_n_hydrophobic,std_n_hydrophobic,occ_n_hydrophobic_gt0,mean_n_polar,std_n_polar,occ_n_polar_gt0,mean_n_pos_charged,std_n_pos_charged,occ_n_pos_charged_gt0,mean_n_neg_charged,std_n_neg_charged,occ_n_neg_charged_gt0,mean_n_other,std_n_other,occ_n_other_gt0,mean_n_total,std_n_total,occ_n_total_gt0,mean_frac_hydrophobic,std_frac_hydrophobic
pair_1682_fail_gate,11.581315725116164,1.4221356626600101,0.999918480476074,1.1220347273171924,0.6704656987012296,0.8676938126681341,1.966576995190348,0.4082279791846235,0.9993478438085922,1.6263145023233063,0.6096307102581612,0.9393494741990707,0.0,0.0,0.0,16.296241949947014,1.665895070936948,0.999918480476074,0.7102889364860868,0.046412795298614654
