seq_id,mean_n_hydrophobic,std_n_hydrophobic,occ_n_hydrophobic_gt0,mean_n_polar,std_n_polar,occ_n_polar_gt0,mean_n_pos_charged,std_n_pos_charged,occ_n_pos_charged_gt0,mean_n_neg_charged,std_n_neg_charged,occ_n_neg_charged_gt0,mean_n_other,std_n_other,occ_n_other_gt0,mean_n_total,std_n_total,occ_n_total_gt0,mean_frac_hydrophobic,std_frac_hydrophobic
pair_0341_nb,11.363087959566316,1.060753596532477,1.0,2.847803048830195,0.49525738797404023,0.999918480476074,2.189858971223608,0.45796826929684076,0.9995924023803701,8.151952392598027e-05,0.009028448288227558,8.151952392598027e-05,0.0,0.0,0.0,16.400831499144044,1.197471301038166,1.0,0.6925116393820279,0.03558343768536661
