seq_id,mean_n_hydrophobic,std_n_hydrophobic,occ_n_hydrophobic_gt0,mean_n_polar,std_n_polar,occ_n_polar_gt0,mean_n_pos_charged,std_n_pos_charged,occ_n_pos_charged_gt0,mean_n_neg_charged,std_n_neg_charged,occ_n_neg_charged_gt0,mean_n_other,std_n_other,occ_n_other_gt0,mean_n_total,std_n_total,occ_n_total_gt0,mean_frac_hydrophobic,std_frac_hydrophobic
pair_0977_nb,17.39732615961523,1.248441836318719,1.0,2.218716882693405,0.688454354242225,0.9938860357055515,1.360071737181055,0.6527380322049764,0.9706529713866471,0.007988913344746067,0.08902297797937454,0.007988913344746067,0.0,0.0,0.0,20.984103692834434,1.4585912386307922,1.0,0.8296533026861,0.034688896694518884
