seq_id,mean_n_hydrophobic,std_n_hydrophobic,occ_n_hydrophobic_gt0,mean_n_polar,std_n_polar,occ_n_polar_gt0,mean_n_pos_charged,std_n_pos_charged,occ_n_pos_charged_gt0,mean_n_neg_charged,std_n_neg_charged,occ_n_neg_charged_gt0,mean_n_other,std_n_other,occ_n_other_gt0,mean_n_total,std_n_total,occ_n_total_gt0,mean_frac_hydrophobic,std_frac_hydrophobic
pair_1094_fail_gate,12.916524007499795,1.4748930178743804,1.0,0.4513736039781528,0.7049270726646651,0.35061547240564117,2.8259558164180323,0.4530105150914747,0.999755441428222,1.082579277737018,0.41270157302776006,0.9527186761229315,0.0,0.0,0.0,17.276432705633,1.6036666405434419,1.0,0.7472797552951537,0.04476512523203866
