seq_id,mean_n_hydrophobic,std_n_hydrophobic,occ_n_hydrophobic_gt0,mean_n_polar,std_n_polar,occ_n_polar_gt0,mean_n_pos_charged,std_n_pos_charged,occ_n_pos_charged_gt0,mean_n_neg_charged,std_n_neg_charged,occ_n_neg_charged_gt0,mean_n_other,std_n_other,occ_n_other_gt0,mean_n_total,std_n_total,occ_n_total_gt0,mean_frac_hydrophobic,std_frac_hydrophobic
pair_3072_binder,12.221733105078666,1.255456370467874,1.0,1.9582620037498981,0.3942430491439468,0.9967392190429608,2.087062851552947,0.5682430904774766,0.9950273090405152,0.40653786581886364,0.5100758365430915,0.3970816010434499,0.0,0.0,0.0,16.673595826200376,1.611209350928762,1.0,0.7337210279921961,0.041326170253056765
