seq_id,mean_n_hydrophobic,std_n_hydrophobic,occ_n_hydrophobic_gt0,mean_n_polar,std_n_polar,occ_n_polar_gt0,mean_n_pos_charged,std_n_pos_charged,occ_n_pos_charged_gt0,mean_n_neg_charged,std_n_neg_charged,occ_n_neg_charged_gt0,mean_n_other,std_n_other,occ_n_other_gt0,mean_n_total,std_n_total,occ_n_total_gt0,mean_frac_hydrophobic,std_frac_hydrophobic
pair_3086_binder,13.503220021195077,1.3344524164411262,1.0,2.4584658025597133,0.9015980995733802,0.9895655009374745,1.020624439553273,0.23296830910543637,0.983125458547322,0.08062280916279449,0.2722549757221971,0.08062280916279449,0.0,0.0,0.0,17.062933072470855,1.608483452168715,1.0,0.7926223975664108,0.05031932036228669
