seq_id,mean_n_hydrophobic,std_n_hydrophobic,occ_n_hydrophobic_gt0,mean_n_polar,std_n_polar,occ_n_polar_gt0,mean_n_pos_charged,std_n_pos_charged,occ_n_pos_charged_gt0,mean_n_neg_charged,std_n_neg_charged,occ_n_neg_charged_gt0,mean_n_other,std_n_other,occ_n_other_gt0,mean_n_total,std_n_total,occ_n_total_gt0,mean_frac_hydrophobic,std_frac_hydrophobic
pair_3077_binder,14.213418113638216,1.384128770898933,1.0,1.2170864922148854,0.4807281872921611,0.979620119018505,2.033341485285726,0.8740418052955284,0.995924023803701,0.42667318822858075,0.49508816974251646,0.4264286296568028,0.0,0.0,0.0,17.890519279367407,1.858444653876682,1.0,0.7966519805660796,0.05259865938610904
