seq_id,mean_n_hydrophobic,std_n_hydrophobic,occ_n_hydrophobic_gt0,mean_n_polar,std_n_polar,occ_n_polar_gt0,mean_n_pos_charged,std_n_pos_charged,occ_n_pos_charged_gt0,mean_n_neg_charged,std_n_neg_charged,occ_n_neg_charged_gt0,mean_n_other,std_n_other,occ_n_other_gt0,mean_n_total,std_n_total,occ_n_total_gt0,mean_frac_hydrophobic,std_frac_hydrophobic
pair_1739_fail_gate,14.884894432216516,1.844387867172306,1.0,2.536969104100432,0.8561672129380955,0.9941305942773294,1.7326974810467106,0.7553248402365178,0.9701638542430913,0.9964131409472569,0.11697185328830367,0.991358930463846,0.0,0.0,0.0,20.150974158310916,1.9199007953690497,1.0,0.7373977514309499,0.04434253896140381
