seq_id,mean_n_hydrophobic,std_n_hydrophobic,occ_n_hydrophobic_gt0,mean_n_polar,std_n_polar,occ_n_polar_gt0,mean_n_pos_charged,std_n_pos_charged,occ_n_pos_charged_gt0,mean_n_neg_charged,std_n_neg_charged,occ_n_neg_charged_gt0,mean_n_other,std_n_other,occ_n_other_gt0,mean_n_total,std_n_total,occ_n_total_gt0,mean_frac_hydrophobic,std_frac_hydrophobic
pair_0908_nb,13.53558327219369,1.620193801118346,1.0,4.613352898019076,0.6483880090626915,1.0,0.03806961767343279,0.19136436942030627,0.03806961767343279,0.23901524415097417,0.4264820713868572,0.23901524415097417,0.0,0.0,0.0,18.426021032037173,1.7852783780069679,1.0,0.7340734983594196,0.04403646188425801
