seq_id,mean_n_hydrophobic,std_n_hydrophobic,occ_n_hydrophobic_gt0,mean_n_polar,std_n_polar,occ_n_polar_gt0,mean_n_pos_charged,std_n_pos_charged,occ_n_pos_charged_gt0,mean_n_neg_charged,std_n_neg_charged,occ_n_neg_charged_gt0,mean_n_other,std_n_other,occ_n_other_gt0,mean_n_total,std_n_total,occ_n_total_gt0,mean_frac_hydrophobic,std_frac_hydrophobic
pair_3063_binder,11.773864840629331,1.736415348540845,1.0,2.2546669927447622,1.1877070791514976,0.9851634466454716,2.290535583272194,0.7441262716402773,0.9957609847558491,0.4541452677916361,0.4990376908301245,0.45357463112415425,0.0,0.0,0.0,16.773212684437922,2.2555254959202062,1.0,0.7041533984782937,0.07141123248476067
