seq_id,mean_n_hydrophobic,std_n_hydrophobic,occ_n_hydrophobic_gt0,mean_n_polar,std_n_polar,occ_n_polar_gt0,mean_n_pos_charged,std_n_pos_charged,occ_n_pos_charged_gt0,mean_n_neg_charged,std_n_neg_charged,occ_n_neg_charged_gt0,mean_n_other,std_n_other,occ_n_other_gt0,mean_n_total,std_n_total,occ_n_total_gt0,mean_frac_hydrophobic,std_frac_hydrophobic
pair_0506_nb,13.271704573245293,1.4027366333549278,1.0,0.7382408086736774,0.620463727671826,0.6426184071085025,2.0349718757642457,0.5290914910733645,0.9972283361865166,1.0128800847803048,0.441209435074937,0.9097578870139399,0.0,0.0,0.0,17.05779734246352,1.7115745322623692,1.0,0.7788713961537865,0.04547078293200828
