seq_id,mean_n_hydrophobic,std_n_hydrophobic,occ_n_hydrophobic_gt0,mean_n_polar,std_n_polar,occ_n_polar_gt0,mean_n_pos_charged,std_n_pos_charged,occ_n_pos_charged_gt0,mean_n_neg_charged,std_n_neg_charged,occ_n_neg_charged_gt0,mean_n_other,std_n_other,occ_n_other_gt0,mean_n_total,std_n_total,occ_n_total_gt0,mean_frac_hydrophobic,std_frac_hydrophobic
pair_3071_binder,13.677997880492377,1.7851066241916798,1.0,1.4494171354039291,1.616268159341742,0.5818863617836472,1.6374011575772398,0.8314927263557507,0.9744028694872422,0.615472405641151,0.4866509658711235,0.615390886117225,0.0,0.0,0.0,17.380288579114698,3.2906406845250515,1.0,0.7976011985243188,0.07189331837411239
