seq_id,mean_n_hydrophobic,std_n_hydrophobic,occ_n_hydrophobic_gt0,mean_n_polar,std_n_polar,occ_n_polar_gt0,mean_n_pos_charged,std_n_pos_charged,occ_n_pos_charged_gt0,mean_n_neg_charged,std_n_neg_charged,occ_n_neg_charged_gt0,mean_n_other,std_n_other,occ_n_other_gt0,mean_n_total,std_n_total,occ_n_total_gt0,mean_frac_hydrophobic,std_frac_hydrophobic
pair_0540_fail_gate,15.216923453167034,1.1915905540554208,1.0,2.6329991032852367,0.9831780662985486,0.999918480476074,1.6546017771256216,0.6901907192670437,0.9726909594847966,0.945952555637075,0.22611129587166018,0.945952555637075,0.0,0.0,0.0,20.45047688921497,1.4988559728042792,1.0,0.7449694936704694,0.041762177770377475
