seq_id,mean_n_hydrophobic,std_n_hydrophobic,occ_n_hydrophobic_gt0,mean_n_polar,std_n_polar,occ_n_polar_gt0,mean_n_pos_charged,std_n_pos_charged,occ_n_pos_charged_gt0,mean_n_neg_charged,std_n_neg_charged,occ_n_neg_charged_gt0,mean_n_other,std_n_other,occ_n_other_gt0,mean_n_total,std_n_total,occ_n_total_gt0,mean_frac_hydrophobic,std_frac_hydrophobic
pair_0246_nb,12.595989239422842,1.3839064590335066,1.0,3.422760251080134,0.8232362288389713,1.0,2.2296404988994865,0.6072912805947727,0.9991848047607402,0.0009782342871117633,0.03126143542435763,0.0009782342871117633,0.0,0.0,0.0,18.249368223689572,1.7998890984135345,1.0,0.6907694324505328,0.04522307370864802
