seq_id,mean_n_hydrophobic,std_n_hydrophobic,occ_n_hydrophobic_gt0,mean_n_polar,std_n_polar,occ_n_polar_gt0,mean_n_pos_charged,std_n_pos_charged,occ_n_pos_charged_gt0,mean_n_neg_charged,std_n_neg_charged,occ_n_neg_charged_gt0,mean_n_other,std_n_other,occ_n_other_gt0,mean_n_total,std_n_total,occ_n_total_gt0,mean_frac_hydrophobic,std_frac_hydrophobic
pair_1331_low_pkt,13.39300562484715,1.7616217850300473,1.0,5.109562240156517,1.0131904314337332,1.0,1.0403521643433602,0.21194185758018913,0.9969022580908128,0.0013858319067416647,0.03720095935144578,0.0013858319067416647,0.0,0.0,0.0,19.544305861253772,1.8629725737381142,1.0,0.6843434199359327,0.04922705154931671
