seq_id,mean_n_hydrophobic,std_n_hydrophobic,occ_n_hydrophobic_gt0,mean_n_polar,std_n_polar,occ_n_polar_gt0,mean_n_pos_charged,std_n_pos_charged,occ_n_pos_charged_gt0,mean_n_neg_charged,std_n_neg_charged,occ_n_neg_charged_gt0,mean_n_other,std_n_other,occ_n_other_gt0,mean_n_total,std_n_total,occ_n_total_gt0,mean_frac_hydrophobic,std_frac_hydrophobic
seq1_nb,13.569984511290453,1.3804545883699524,1.0,2.1340180973343115,0.834551530628386,0.9694301785277574,2.1422515692508357,0.5722283290697697,0.9995108828564441,0.007907393820820086,0.08857125348431365,0.007907393820820086,0.0,0.0,0.0,17.854161571696423,1.7096224025838918,1.0,0.7609756292859512,0.046027735830765436
