seq_id,mean_n_hydrophobic,std_n_hydrophobic,occ_n_hydrophobic_gt0,mean_n_polar,std_n_polar,occ_n_polar_gt0,mean_n_pos_charged,std_n_pos_charged,occ_n_pos_charged_gt0,mean_n_neg_charged,std_n_neg_charged,occ_n_neg_charged_gt0,mean_n_other,std_n_other,occ_n_other_gt0,mean_n_total,std_n_total,occ_n_total_gt0,mean_frac_hydrophobic,std_frac_hydrophobic
seq10_binder,13.707181870057878,1.5486511795267746,1.0,2.231026330806228,0.6562695845052414,0.9983696095214804,2.1719246759598922,0.5315826962088444,0.999836960952148,0.6256623461318986,0.5440595315776757,0.5947664465639521,0.0,0.0,0.0,18.735795222955897,1.7591765787065563,1.0,0.7314319216921785,0.04298827277770109
