seq_id,mean_n_hydrophobic,std_n_hydrophobic,occ_n_hydrophobic_gt0,mean_n_polar,std_n_polar,occ_n_polar_gt0,mean_n_pos_charged,std_n_pos_charged,occ_n_pos_charged_gt0,mean_n_neg_charged,std_n_neg_charged,occ_n_neg_charged_gt0,mean_n_other,std_n_other,occ_n_other_gt0,mean_n_total,std_n_total,occ_n_total_gt0,mean_frac_hydrophobic,std_frac_hydrophobic
seq2_nb,15.775087633488221,1.5774989822857504,1.0,1.5094970245373767,0.6253811813324209,0.9365778103855873,1.925654194179506,0.41495212171470863,0.9974728947582946,0.002445585717779408,0.0493923559700932,0.002445585717779408,0.0,0.0,0.0,19.21268443792288,1.7062816130805623,1.0,0.821260535550487,0.04281956130003319
