seq_id,mean_n_hydrophobic,std_n_hydrophobic,occ_n_hydrophobic_gt0,mean_n_polar,std_n_polar,occ_n_polar_gt0,mean_n_pos_charged,std_n_pos_charged,occ_n_pos_charged_gt0,mean_n_neg_charged,std_n_neg_charged,occ_n_neg_charged_gt0,mean_n_other,std_n_other,occ_n_other_gt0,mean_n_total,std_n_total,occ_n_total_gt0,mean_frac_hydrophobic,std_frac_hydrophobic
seq39_binder,12.742479823917828,1.7518112711076734,1.0,2.315072959973914,1.1589020522527542,0.9990217657128883,1.9024211298606015,0.5053071316910422,0.9984511290454063,0.8500855955001223,0.36533891196236856,0.847069373114861,0.0,0.0,0.0,17.810059509252465,2.606271300192308,1.0,0.7177755872087521,0.04805534555309989
