seq_id,mean_n_hydrophobic,std_n_hydrophobic,occ_n_hydrophobic_gt0,mean_n_polar,std_n_polar,occ_n_polar_gt0,mean_n_pos_charged,std_n_pos_charged,occ_n_pos_charged_gt0,mean_n_neg_charged,std_n_neg_charged,occ_n_neg_charged_gt0,mean_n_other,std_n_other,occ_n_other_gt0,mean_n_total,std_n_total,occ_n_total_gt0,mean_frac_hydrophobic,std_frac_hydrophobic
seq3_nb,12.023640661938535,2.1278746845599983,1.0,3.6007173718105485,0.9586848722947721,0.999755441428222,1.6382978723404256,0.5991847712665538,0.9618488628026413,0.00913018667970979,0.09511480626539405,0.00913018667970979,0.0,0.0,0.0,17.27178609276922,2.3829895184700174,1.0,0.6938688171516718,0.05339128374963182
