seq_id,mean_n_hydrophobic,std_n_hydrophobic,occ_n_hydrophobic_gt0,mean_n_polar,std_n_polar,occ_n_polar_gt0,mean_n_pos_charged,std_n_pos_charged,occ_n_pos_charged_gt0,mean_n_neg_charged,std_n_neg_charged,occ_n_neg_charged_gt0,mean_n_other,std_n_other,occ_n_other_gt0,mean_n_total,std_n_total,occ_n_total_gt0,mean_frac_hydrophobic,std_frac_hydrophobic
seq42_binder,13.425205836797913,1.3994993327138148,1.0,2.4099616858237547,0.9048343789227596,0.9902176571288823,0.9267139479905437,0.5279438374135155,0.8213092035542512,0.008151952392598028,0.08991939760022218,0.008151952392598028,0.0,0.0,0.0,16.77003342300481,1.6895775310216021,1.0,0.8022665560107725,0.05722507630418072
