seq_id,mean_n_hydrophobic,std_n_hydrophobic,occ_n_hydrophobic_gt0,mean_n_polar,std_n_polar,occ_n_polar_gt0,mean_n_pos_charged,std_n_pos_charged,occ_n_pos_charged_gt0,mean_n_neg_charged,std_n_neg_charged,occ_n_neg_charged_gt0,mean_n_other,std_n_other,occ_n_other_gt0,mean_n_total,std_n_total,occ_n_total_gt0,mean_frac_hydrophobic,std_frac_hydrophobic
seq4_nb,7.913915382734165,1.3786944747584726,0.999836960952148,1.6583516752262166,0.7187500285636226,0.9938045161816255,2.681584739545121,0.6583158807623299,0.999673921904296,0.7432134996331622,0.6415622061715796,0.6337327790005707,0.0,0.0,0.0,12.997065297138665,1.9066391996060186,0.999836960952148,0.6092135202986297,0.06445488711191785
