seq_id,mean_n_hydrophobic,std_n_hydrophobic,occ_n_hydrophobic_gt0,mean_n_polar,std_n_polar,occ_n_polar_gt0,mean_n_pos_charged,std_n_pos_charged,occ_n_pos_charged_gt0,mean_n_neg_charged,std_n_neg_charged,occ_n_neg_charged_gt0,mean_n_other,std_n_other,occ_n_other_gt0,mean_n_total,std_n_total,occ_n_total_gt0,mean_frac_hydrophobic,std_frac_hydrophobic
seq5_nb,13.385831906741664,1.5548150605309548,0.999918480476074,3.331539903806962,0.8964767687018617,0.9986141680932583,2.702861335289802,0.6417405186055571,0.999755441428222,1.0321186924268362,0.4853226226233278,0.8977745169968208,0.0,0.0,0.0,20.452351838265265,2.3300451912824798,0.999918480476074,0.6562317372609563,0.05157308266948361
