seq_id,mean_n_hydrophobic,std_n_hydrophobic,occ_n_hydrophobic_gt0,mean_n_polar,std_n_polar,occ_n_polar_gt0,mean_n_pos_charged,std_n_pos_charged,occ_n_pos_charged_gt0,mean_n_neg_charged,std_n_neg_charged,occ_n_neg_charged_gt0,mean_n_other,std_n_other,occ_n_other_gt0,mean_n_total,std_n_total,occ_n_total_gt0,mean_frac_hydrophobic,std_frac_hydrophobic
seq7_nb,11.982880899975545,2.561995714668964,0.9979620119018505,1.2462704817803865,0.6705084265364358,0.9239422841770604,1.8859541860275535,1.2450423380737035,0.8611722507540556,0.05094970245373767,0.22466272030688303,0.05013450721447787,0.0,0.0,0.0,15.166055270237221,3.4193206819994657,0.9987772071411103,0.7932449170916464,0.06949119731604787
