feature,n_binder,n_fp,mean_binder,mean_fp,cohens_d,auc,p,q
mean_n_total,47,48,13.063710109635085,14.563077429961142,-0.9889309836195802,0.21409574468085107,1.6070323831116157e-06,9.642194298669695e-06
mean_n_pos_charged,47,48,1.0169369819390894,1.460305086818293,-0.8453345008035292,0.26085992907801414,6.016800609655011e-05,0.00018050401828965032
mean_frac_hydrophobic,47,48,0.8588319319440838,0.7998307972306788,0.8983388340903629,0.726063829787234,0.00014910899253856307,0.00029821798507712613
mean_n_polar,47,48,0.7552055419400606,1.2244181543979782,-0.5839057772773121,0.3275709219858156,0.0038295023727247446,0.005744253559087116
mean_n_hydrophobic,47,48,11.195256604382282,11.633525583543927,-0.29048360955144725,0.3918439716312057,0.06990386562104921,0.08388463874525905
mean_n_neg_charged,47,48,0.09631098137365597,0.2448286052009456,-0.5170909652830782,0.43373226950354615,0.2672888007026174,0.2672888007026174
