region,n_residues_tested,n_residues_significant,top_residue,top_residue_p,top_residue_d
core,78,2,81,9.071585783433529e-05,-0.8073783514064993
tail,65,0,62,0.001665854788253095,-0.7165167431967573
